country,year,taxburden,gdppc,category,taxrev,taxrpc
Argentina,2013,64.3,20131.6804246983,Spanish,12.4529027558077,250697.86
Argentina,2014,63.5,19683.7715056442,Spanish,12.6109666067191,248231.39
Argentina,2015,66.8,20105.1989918165,Spanish,12.3365069418291,248027.92
Argentina,2016,66.09999999999989,20307.870052142,Spanish,12.0972836411962,245670.06
Argentina,2017,62.6119,23597.117752839,Spanish,10.939623860491,258143.59
Argentina,2018,65.7,23293.3986337639,Spanish,9.99239008384335,232756.72
Argentina,2019,69.3,22999.2750525577,Spanish,10.4759215719336,240938.61
Armenia,2013,88,9835.802460919849,Russian,21.5862138752919,212317.73
Armenia,2014,86.5,10036.8898405952,Russian,21.5991745525223,216788.53
Armenia,2015,84.40000000000001,9969.664853978231,Russian,20.931220827141,208677.25
Armenia,2016,83.8,10704.2297624759,Russian,21.2773752756378,227757.91
Armenia,2017,83.7175,12115.1392902637,Russian,20.7806533587524,251760.52
Armenia,2018,84.7,13020.3963185992,Russian,20.8701039031814,271737.03
Armenia,2019,84.7,14231.1801885329,Russian,22.2851709900772,317144.28
Azerbaijan,2013,85.5,17188.9455056612,Russian,13.3883331614589,230131.33
Azerbaijan,2014,88.09999999999989,17443.8782563093,Russian,14.2125356482603,247921.73
Azerbaijan,2015,88.09999999999989,14938.4011276715,Russian,15.6031629275469,233086.31
Azerbaijan,2016,88,14371.0227410092,Russian,14.5555165725558,209177.66
Azerbaijan,2017,87.7336,14121.4069355591,Russian,13.1640455061148,185894.84
Azerbaijan,2018,87.5,14550.7628169318,Russian,12.9712717874444,188741.91
Azerbaijan,2019,87.5,15052.7938701564,Russian,14.2188526451777,214033.45
Belarus,2013,88.8,18994.1901887615,Russian,13.3549628478795,253666.7
Belarus,2014,89.2,19008.0610153147,Russian,12.6977245264198,241359.13
Belarus,2015,86.40000000000001,18095.6651782737,Russian,14.1730944654204,256471.58
Belarus,2016,88.59999999999989,17785.9431970966,Russian,13.7882356123814,245236.78
Belarus,2017,89.78,18356.1007741722,Russian,13.0190056104974,238978.17
Belarus,2018,89.8,19430.2787724315,Russian,14.6725689698389,285092.09
Belarus,2019,89.40000000000001,20094.5258122074,Russian,13.3015061393462,267287.47
Colombia,2013,76.09999999999989,12727.764931531,Spanish,14.0221143464507,178470.17
Colombia,2014,80.59999999999989,13307.4245015783,Spanish,15.6997483720014,208923.22
Colombia,2015,80.3,13265.7972569151,Spanish,15.797262655066,209563.28
Colombia,2016,80.09999999999989,13812.0960563446,Spanish,14.3852129298513,198689.94
Colombia,2017,80.0711,14171.3205005648,Spanish,14.8508184081791,210455.7
Colombia,2018,80.3,14865.8932403218,Spanish,14.79105095976,219882.19
Colombia,2019,74.3,15621.0873671586,Spanish,15.0713701428732,235431.19
"Egypt, Arab Rep.",2013,85.59999999999989,11221.3803859221,British,13.4980649322726,151466.92
"Egypt, Arab Rep.",2014,85.59999999999989,10895.9431672625,British,12.2201408450704,133149.95
"Egypt, Arab Rep.",2015,85.8,11512.4021442637,British,12.5192110970171,144126.19
Fiji,2013,78,9536.326349107379,British,23.4756627460653,223871.58
Fiji,2014,82.3,11346.9457863033,British,22.6437560927569,256937.47
Fiji,2015,81.3,12412.3506858719,British,23.615705626519,293126.41
Fiji,2016,81.2,12631.9122008691,British,23.5346235421212,297287.31
Fiji,2017,80.67309999999991,13429.3006222384,British,24.669942067799,331300.06
Fiji,2018,81.40000000000001,14178.5633985018,British,23.993353427438,340191.28
Fiji,2019,81.09999999999989,14262.9995440375,British,22.6767801308766,323438.91
Georgia,2013,88.2,10611.7741169939,Russian,22.483046609147,238585.02
Georgia,2014,87.3,11575.547210705,Russian,22.4768667266418,260182.03
Georgia,2015,87.2,12089.1694050447,Russian,22.7514365699131,275045.97
Georgia,2016,87.59999999999989,12858.4834001898,Russian,23.5034602076125,302218.84
Georgia,2017,87.34909999999989,13589.7073915159,Russian,23.3401044119956,317185.19
Georgia,2018,87,14595.6306437119,Russian,22.430795033117,327391.59
Georgia,2019,87.09999999999989,15623.1529588881,Russian,23.1173329727924,361165.63
Guatemala,2013,79.59999999999989,7446.58800936721,Spanish,11.1022938902238,82674.211
Guatemala,2014,79.59999999999989,7758.49316980639,Spanish,10.777815919786,83619.609
Guatemala,2015,79.59999999999989,8194.44068126819,Spanish,10.3582515698864,84880.078
Guatemala,2016,79.09999999999989,8221.74642722194,Spanish,10.4215148794664,85683.055
Guatemala,2017,79.2175,8322.21680991504,Spanish,10.6355739727646,88511.555
Guatemala,2018,79.2,8665.347260973011,Spanish,10.5781802592295,91663.602
Guatemala,2019,79.2,9019.25606239135,Spanish,10.456023917976,94305.555
India,2013,78.3,5057.23341374821,British,11.0016256942917,55637.789
India,2014,79.40000000000001,5233.88234251319,British,9.984654190713121,52258.504
India,2015,79.40000000000001,5464.85917800941,British,10.5697090519718,57761.973
India,2016,77.09999999999989,5839.86481675337,British,11.1477384183764,65101.285
India,2017,77.172764,6182.92210857444,British,11.3874439798131,70407.68
India,2018,79.40000000000001,6675.36129410783,British,12.0255158685117,80274.664
Iraq,2014,95.5,13888.076375953,British,.91477329322806,12704.441
Iraq,2015,,9763.90409031016,British,1.32119614893692,12900.032
Iraq,2016,,9428.60662077185,British,2.07780523585979,19590.809
Iraq,2017,,10526.3709148753,British,2.68703020692064,28284.676
Iraq,2018,,10809.4724101413,British,1.98400716286706,21446.07
Iraq,2019,,11398.043737084,British,1.33623722358728,15230.49
Jamaica,2013,77.5,8442.983667431021,British,24.0092921973108,202710.06
Jamaica,2014,77.2,8545.102836699671,British,24.0532148308844,205537.19
Jamaica,2015,81.5,8792.056956946861,British,24.8153092563686,218177.61
Jamaica,2016,81.7,9194.15673929581,British,26.0266694669571,239293.28
Jamaica,2017,80.9975,9600.10474580389,British,26.2210037607905,251724.38
Jamaica,2018,80,9968.59449282081,British,26.7810665699502,266969.59
Jamaica,2019,80.2,10190.4746507783,British,27.4539417450804,279768.69
Kazakhstan,2013,93.2,24504.7660856694,Russian,16.0301777646187,392815.75
Kazakhstan,2014,92.90000000000001,24726.4728671586,Russian,14.1934327397187,350953.53
Kazakhstan,2015,93.2,23224.1178353573,Russian,9.8357115521941,228425.72
Kazakhstan,2016,93,23818.8248260141,Russian,9.92425019653,236383.98
Kazakhstan,2017,93.2576,24862.9661245889,Russian,10.3030113756124,256163.42
Kazakhstan,2018,92.59999999999989,26157.6596496269,Russian,11.7177995865876,306510.22
Kazakhstan,2019,93.40000000000001,27466.2206186576,Russian,11.78694274063,323742.78
Kyrgyz Republic,2014,94.59999999999989,4281.82407398556,Russian,17.5486530868942,75140.242
Kyrgyz Republic,2015,93.59999999999989,4214.82950886186,Russian,16.801668055009,70816.164
Kyrgyz Republic,2016,93.7,4681.17473284248,Russian,16.9491731803417,79342.039
Kyrgyz Republic,2017,93.66926419423601,5046.69153549095,Russian,17.0462850607483,86027.344
Kyrgyz Republic,2018,93.8,5256.39792245424,Russian,17.998857013595,94609.156
Kyrgyz Republic,2019,94.09999999999989,5480.7426980282,Russian,16.8640679486618,92427.617
Malaysia,2013,85.09999999999989,23477.9911663813,British,15.310235280489,359453.56
Malaysia,2014,84.59999999999989,24607.6687337619,British,14.8407907140268,365197.25
Malaysia,2015,84.40000000000001,24801.8884320151,British,14.0568621293393,348636.72
Malaysia,2016,85,25546.1295181653,British,13.5507251724192,346168.59
Malaysia,2017,85.3095999999999,26661.5074160333,British,12.9459662411797,345158.97
Malaysia,2018,85.59999999999989,28239.5000837184,British,12.0226628283914,339514
Malaysia,2019,85.59999999999989,29623.4051587405,British,11.9330416605521,353497.31
Mexico,2013,81.09999999999989,17373.8974567258,Spanish,10.294578624308,178856.95
Mexico,2014,80.90000000000001,18056.7898061476,Spanish,10.6256050549437,191864.31
Mexico,2015,77.8,18301.5004690469,Spanish,12.7823935220231,233936.98
Mexico,2016,74.90000000000001,19323.6658689896,Spanish,13.5343603549909,261533.45
Mexico,2017,74.8691,19721.2609759241,Spanish,13.0356726825138,257079.91
Mexico,2018,75.7,20258.8104526538,Spanish,13.0646377793546,264674.03
Mexico,2019,75.8,20456.9643661642,Spanish,13.1423853465962,268853.31
Moldova,2013,87.2,8381.67183313924,Russian,15.4696359631486,129661.41
Moldova,2014,85.8,8827.05410758548,Russian,16.637494863151,146860.06
Moldova,2015,85.09999999999989,9254.84860512976,Russian,16.4012368212384,151790.97
Moldova,2016,85.40000000000001,10610.4778427993,Russian,16.2457922654319,172375.63
Moldova,2017,86.0784,11651.3174546862,Russian,17.4426122320836,203229.41
Moldova,2018,85.3,12659.983658527,Russian,17.6916295246373,223975.73
Moldova,2019,85.40000000000001,13577.4065771993,Russian,17.31036033736,235029.8
Morocco,2013,71.40000000000001,6916.01303173881,Spanish,22.3490893564297,154566.59
Morocco,2014,71.3,6609.60910787755,Spanish,22.0269511132987,145589.53
Morocco,2015,70.90000000000001,7024.96308902663,Spanish,21.2114989855756,149010
Morocco,2016,71.5,7113.00459986287,Spanish,21.4558870095265,152615.83
Morocco,2017,71.72,7312.05677903856,Spanish,21.755347231022,159076.33
Morocco,2018,70.5,7625.73575260725,Spanish,21.8741833125173,166806.73
Morocco,2019,72.2,7856.24505739729,Spanish,21.4178488698103,168263.88
Myanmar,2013,81.90000000000001,3782.57259536657,British,5.87126578071308,22208.488
Myanmar,2014,86.90000000000001,4009.96256191736,British,6.17905293919084,24777.771
Myanmar,2015,86.90000000000001,4105.44337698664,British,6.33041734413939,25989.17
Myanmar,2016,86.59999999999989,4031.17973614038,British,7.70519610658228,31061.031
Myanmar,2017,,4224.54503061412,British,6.58100940372646,27801.771
Myanmar,2018,,4575.13099039776,British,2.97848674879625,13626.967
Myanmar,2019,,4940.15249914319,British,6.4392728287842,31810.99
Nicaragua,2013,78.7,4610.29898129055,Spanish,15.0204253673627,69248.648
Nicaragua,2014,78.59999999999989,4941.6997020079,Spanish,15.3162663787317,75688.391
Nicaragua,2015,78.40000000000001,5293.87046224287,Spanish,15.5895883603149,82529.258
Nicaragua,2016,78,5694.05428740789,Spanish,16.1664462040546,92052.625
Nicaragua,2017,77.2039,6004.01408757341,Spanish,16.573831626432,99509.516
Nicaragua,2018,77.2,5867.24389067727,Spanish,15.6994164536848,92112.305
Nicaragua,2019,76.90000000000001,5682.21597760341,Spanish,17.5430985982931,99683.672
Paraguay,2013,95.90000000000001,11062.5587335491,Spanish,8.992141631255381,99476.094
Paraguay,2014,96.2,11454.4288765968,Spanish,9.745176379653159,111625.43
Paraguay,2015,96,11486.5231905557,Spanish,9.736698600348619,111840.81
Paraguay,2016,96.3,12041.7235427806,Spanish,9.559063336604391,115107.6
Paraguay,2017,96.17749999999999,12590.548443655,Spanish,9.95647441372393,125357.48
Paraguay,2018,96.09999999999989,13135.6988678799,Spanish,10.0750585766838,132342.94
Paraguay,2019,96.3,13149.0385702748,Spanish,10.000606491674,131498.36
Peru,2013,79.90000000000001,11295.9632644083,Spanish,16.4330066930272,185626.64
Peru,2014,79.09999999999989,11510.2788763872,Spanish,16.7209266785318,192462.53
Peru,2015,78.59999999999989,11572.3207931902,Spanish,14.9196513179116,172654.98
Peru,2016,78.5,12013.3773897006,Spanish,13.7875476429229,165635.02
Peru,2017,80.3,12506.5293750586,Spanish,13.1743416510927,164765.3
Peru,2018,80.59999999999989,13088.2958384558,Spanish,14.2878152454973,187003.16
Peru,2019,80.59999999999989,13397.2739160483,Spanish,14.5160313046509,194475.25
Russian Federation,2013,86.90000000000001,26073.8745307451,Russian,12.933492451261,337226.25
Russian Federation,2014,85.59999999999989,25761.6480209933,Russian,13.2553613046452,341479.94
Russian Federation,2015,86.09999999999989,24085.3241847947,Russian,10.6420948088217,256318.3
Russian Federation,2016,82.2,24128.0864065399,Russian,9.18312209969854,221571.16
Russian Federation,2017,81.84910000000001,25926.4438539743,Russian,10.2884056740183,266741.78
Russian Federation,2018,85.8,28681.7844582961,Russian,11.4687730024336,328944.88
Russian Federation,2019,89.40000000000001,29188.854156647,Russian,10.975123926599,320351.28
South Africa,2013,70.5,13606.9428955207,British,23.8313913802457,324272.38
South Africa,2014,68.7,13602.102642918,British,24.4319342176034,332325.69
South Africa,2015,69.5,13701.9453895081,British,25.0486927031144,343215.81
South Africa,2016,70.09999999999989,13748.4614158257,British,24.8283559884696,341351.69
South Africa,2017,70.2,13860.2701664709,British,24.0357416450334,333141.88
South Africa,2018,62.5,14209.0938333315,British,24.1188765435671,342707.38
South Africa,2019,62.1,14289.7600030669,British,24.2186201034917,346078.28
Sri Lanka,2013,84.7,10852.0640424766,British,10.4866231718808,113801.51
Sri Lanka,2014,84.90000000000001,11256.8560497537,British,10.1375062355162,114116.45
Sri Lanka,2015,85,11557.4870517689,British,12.3799519124394,143081.14
Sri Lanka,2016,85.09999999999989,12224.2157651465,British,12.201389606995,149152.42
Sri Lanka,2017,85.2551,12584.1047924776,British,12.5312519753631,157694.59
Sri Lanka,2018,84.90000000000001,13169.0947047054,British,11.9818702025641,157790.39
Sri Lanka,2019,84.90000000000001,13622.8604484357,British,11.5561874569627,157428.33
Ukraine,2013,78.2,10691.7646844701,Russian,16.8986843392832,180676.75
Ukraine,2014,79.09999999999989,10743.5863638157,Russian,17.294347838416,185803.31
Ukraine,2015,78.7,10164.3273340852,Russian,20.4513654211322,207874.38
Ukraine,2016,78.59999999999989,11148.196546631,Russian,19.6301198096561,218840.44
Ukraine,2017,78.6224,11871.1236240918,Russian,20.0523676996082,238044.14
Ukraine,2018,80.2,12634.2355540514,Russian,20.1425525138036,254485.75
Ukraine,2019,81.8,13350.4823150166,Russian,19.1961400966208,256277.73
Uruguay,2013,84.2,19130.0613970595,Spanish,19.041385474602,364262.88
Uruguay,2014,77.40000000000001,20093.6240651453,Spanish,18.561138538271,372960.53
Uruguay,2015,77.09999999999989,20217.5604365641,Spanish,18.5094775730046,374216.47
Uruguay,2016,77.2,22454.3948288087,Spanish,21.8249441022183,490065.91
Uruguay,2017,77.51390000000001,23009.8742286911,Spanish,18.2947500677407,420959.91
Uruguay,2018,78,23588.1513898133,Spanish,18.5602992152633,437803.16
Uruguay,2019,77.2,24006.7869388827,Spanish,18.154268227323,435825.66
Uzbekistan,2013,90.2,6302.64724360333,Russian,13.8004798918479,86979.555
Uzbekistan,2014,90.3,6494.85994090064,Russian,13.4703929830448,87488.313
Uzbekistan,2015,90.2,6680.18470067684,Russian,13.5577540324739,90568.305
Uzbekistan,2016,90.40000000000001,6796.90489209483,Russian,13.4329630615828,91302.57
Uzbekistan,2017,90.7,6840.70986001705,Russian,11.6417474022732,79637.813
Uzbekistan,2018,91,7252.98519675475,Russian,14.1576469701894,102685.2
Uzbekistan,2019,91.3,7658.89955894696,Russian,12.6953747017566,97232.602
Zimbabwe,2015,66.59999999999989,2679.50761483742,British,17.6733631953313,47355.91
Zimbabwe,2016,60.8,2806.4690320362,British,15.4583408165803,43383.355
Zimbabwe,2017,61.0771,3795.64243109451,British,15.8743745304837,60253.449
Zimbabwe,2018,61.1,4017.2217158275,British,13.6031256253675,54646.773
Argentina,1990,,7191.10509033023,Spanish,4.83851314669697,34794.258
Argentina,1991,,8000.36230985365,Spanish,5.00823654744009,40067.707
Argentina,1992,,8713.545764074061,Spanish,5.54792213441138,48342.074
Argentina,1993,,9526.91334664213,Spanish,8.01513800555669,76359.523
Argentina,1994,,10168.750177921,Spanish,8.12643722809198,82635.711
Argentina,1995,,9963.360902315409,Spanish,8.054357651723089,80248.469
Argentina,1996,,10579.4772698476,Spanish,8.17178777492906,86453.242
Argentina,1997,,11507.8954146611,Spanish,8.690086355549941,100004.6
Argentina,1998,,11949.4186592024,Spanish,9.03052618638845,107909.54
Argentina,1999,,11581.8905140722,Spanish,9.076124335591819,105118.68
Argentina,2000,,11618.7932334926,Spanish,9.622603501889049,111803.04
Argentina,2001,,11226.8797464943,Spanish,9.324898793900561,104689.52
Argentina,2002,,10052.4882560869,Spanish,9.81895834666325,98704.961
Argentina,2003,,11025.1860988296,Spanish,12.5187797002949,138021.88
Argentina,2004,,12214.7407113551,Spanish,13.1007798994386,160022.63
Argentina,2005,,13568.7692061284,Spanish,13.1031756459852,177793.97
Argentina,2006,,14951.7289508076,Spanish,12.8788866954319,192561.63
Argentina,2007,,16570.0078336983,Spanish,12.4482684483004,206267.91
Argentina,2008,,17404.0691420333,Spanish,13.3178463574032,231784.72
Argentina,2009,,16334.7408131075,Spanish,12.3830415594157,202273.78
Argentina,2010,,18061.9343589164,Spanish,12.8530426903255,232150.81
Argentina,2011,,19322.2271236942,Spanish,12.6636277012315,244689.48
Argentina,2012,,19641.3528638347,Spanish,12.9528415127413,254411.33
Armenia,2004,,4614.86980387949,Russian,13.9964056466186,64591.59
Armenia,2005,,5455.43499457867,Russian,14.3356634088462,78207.281
Armenia,2006,,6411.81964016089,Russian,14.3959865593942,92304.469
Armenia,2007,,7551.64363563305,Russian,15.962531729107,120543.35
Armenia,2008,,8300.49198824733,Russian,17.3217587321083,143779.13
Armenia,2009,,7233.03992810233,Russian,16.5058632327843,119387.57
Armenia,2010,,7506.32190855914,Russian,17.0700513990102,128133.3
Armenia,2011,,8025.4584849173,Russian,17.2194190490991,138193.73
Armenia,2012,,9364.37529918435,Russian,17.4916420766113,163798.3
Azerbaijan,1994,,2604.80993706837,Russian,25.5591673338671,66576.773
Azerbaijan,1995,,2318.66598499433,Russian,17.9540725466304,41629.496
Azerbaijan,1996,,2367.73620175635,Russian,9.85045743980092,23323.285
Azerbaijan,1997,,2525.38006091237,Russian,10.693809961055,27005.934
Azerbaijan,1998,,2782.64722815762,Russian,12.6793349997094,35282.117
Azerbaijan,1999,,3005.22223255099,Russian,12.7334587163254,38266.875
Azerbaijan,2008,,12956.834046821,Russian,16.4211753684861,212766.44
Azerbaijan,2009,,13976.1096357098,Russian,14.1067089869809,197156.91
Azerbaijan,2010,,14677.1648204193,Russian,12.1577769928176,178441.7
Azerbaijan,2011,,14804.5744507911,Russian,12.2247609538804,180982.39
Azerbaijan,2012,,15957.7188502849,Russian,12.7786393685483,203917.94
Belarus,1992,,4924.74109918553,Russian,20.5434782608696,101171.31
Belarus,1993,,4648.04913945108,Russian,26.6395939086294,123822.14
Belarus,1994,,4196.82740223491,Russian,24.7501826561007,103872.24
Belarus,1995,,3851.68347772947,Russian,19.8876469280001,76600.922
Belarus,1996,,4045.62609197246,Russian,18.7997748111698,76056.859
Belarus,1997,,4606.52243533804,Russian,20.7345909549383,95514.359
Belarus,1998,,5072.46925512,Russian,17.1123289388046,86801.766
Belarus,1999,,5344.6582135647,Russian,16.6724761934976,89108.688
Belarus,2000,,5808.35742587087,Russian,16.6247345026167,96562.398
Belarus,2001,,6248.21138224153,Russian,15.7546642442876,98438.469
Belarus,2002,,6709.84550284634,Russian,14.2010383230738,95286.773
Belarus,2003,,7367.19377907469,Russian,17.6881219095961,130311.82
Belarus,2004,,8489.48408699124,Russian,18.3713469008917,155963.25
Belarus,2005,,9642.42979250313,Russian,20.1496562779039,194291.64
Belarus,2006,,10994.7667382994,Russian,22.2230966228065,244337.77
Belarus,2007,,12317.4565015173,Russian,23.7266987288672,292252.59
Belarus,2008,,13885.7467207654,Russian,25.3533892055523,352050.75
Belarus,2009,,14054.106018462,Russian,18.6294706290955,261820.56
Belarus,2010,,15360.1478975791,Russian,16.321438373621,250699.7
Belarus,2011,,16563.2014078209,Russian,14.5090725642403,240316.69
Belarus,2012,,18105.2867180444,Russian,14.6629750334495,265477.38
Colombia,1998,,6758.52574907649,Spanish,13.7437321544523,92887.367
Colombia,1999,,6460.90682665561,Spanish,13.4769212818618,87073.133
Colombia,2000,,6690.37375083775,Spanish,11.219754185325,75064.352
Colombia,2003,,7319.54321218707,Spanish,11.2588268638482,82409.469
Colombia,2008,,10179.2448415524,Spanish,13.0315110144915,132650.94
Colombia,2009,,10258.9708392748,Spanish,12.6752273841946,130034.79
Colombia,2010,,10731.645914959,Spanish,12.1421652023674,130305.41
Colombia,2011,,11604.102283016,Spanish,14.5758811869672,169140.02
Colombia,2012,,12018.6512847411,Spanish,13.226990714276,158970.59
"Egypt, Arab Rep.",1990,,3711.12161977448,British,13.2348643006263,49116.191
"Egypt, Arab Rep.",1991,,3792.63859345127,British,14.7377777777778,55895.066
"Egypt, Arab Rep.",1992,,3966.76214229818,British,18.4802300503235,73306.68
"Egypt, Arab Rep.",1993,,4093.87855955428,British,18.764175257732,76818.258
"Egypt, Arab Rep.",1994,,4260.96346079016,British,19.0474285714286,81160.398
"Egypt, Arab Rep.",1995,,4461.84539725326,British,17.6230392156863,78631.273
"Egypt, Arab Rep.",1996,,4675.13316125631,British,17.4629468177855,81641.602
"Egypt, Arab Rep.",1997,,4920.25443768011,British,15.9646483640466,78550.133
"Egypt, Arab Rep.",2002,,6139.67898913655,British,13.4077593032462,82319.336
"Egypt, Arab Rep.",2003,,6334.5712788004,British,13.3499401197605,84566.148
"Egypt, Arab Rep.",2004,,6648.42901856206,British,13.8359777457243,91987.516
"Egypt, Arab Rep.",2005,,7033.91892170753,British,14.068635097493,98957.641
"Egypt, Arab Rep.",2006,,7606.75573398818,British,15.8295127084345,120411.23
"Egypt, Arab Rep.",2007,,8219.48274929236,British,15.3498523093448,126167.84
"Egypt, Arab Rep.",2008,,8820.71650563293,British,15.3205248464545,135138
"Egypt, Arab Rep.",2009,,9131.49909819552,British,15.6613605833813,143011.7
"Egypt, Arab Rep.",2010,,9522.50916306002,British,14.1300762473065,134553.78
"Egypt, Arab Rep.",2011,,9686.046263877401,British,14.0086354022318,135688.3
"Egypt, Arab Rep.",2012,,11092.7432596071,British,12.3849047590613,137382.56
Fiji,1990,,4198.18563944614,British,22.7570707070707,95538.406
Fiji,1991,,4183.79321108463,British,21.871694417238,91506.648
Fiji,1992,,4484.83983419493,British,21.5925668634943,96839.203
Fiji,1993,,4623.77466132488,British,21.4021803766105,98958.859
Fiji,1994,,4894.34936884462,British,21.4900303018967,105179.72
Fiji,1995,,5057.03316187587,British,22.2061424086037,112297.2
Fiji,1996,,5335.15377846353,British,21.2078200321371,113146.98
Fiji,2004,,7035.74951726276,British,22.3492148047133,157243.48
Fiji,2005,,7272.41971049843,British,21.5360119047619,156618.92
Fiji,2006,,7573.56300502875,British,23.3862792496761,177117.45
Fiji,2010,,7914.10092561106,British,21.8225644213838,172705.98
Fiji,2011,,8263.045461942709,British,22.9170933172774,189364.98
Fiji,2012,,8839.515862235559,British,22.8925761350793,202359.3
Georgia,1995,,1883.17962314604,Russian,5.41484296030328,10197.122
Georgia,1996,,2211.25756292787,Russian,7.87643789582526,17416.832
Georgia,1997,,2568.64333036437,Russian,10.6237239017322,27288.557
Georgia,1998,,2745.29680458997,Russian,10.0157304713168,27496.152
Georgia,1999,,2924.39145540716,Russian,11.1912784236245,32727.68
Georgia,2000,,3104.51566879805,Russian,11.4014330393341,35395.926
Georgia,2001,,3377.05112661188,Russian,11.8046748576566,39864.992
Georgia,2002,,3650.85722618158,Russian,11.6215128755365,42428.484
Georgia,2003,,4157.87940249166,Russian,10.9223385995026,45413.766
Georgia,2004,,4545.29312196367,Russian,15.102348258909,68644.602
Georgia,2005,,5169.06242530316,Russian,16.5426085759279,85509.773
Georgia,2006,,5860.35839090633,Russian,18.5701129087231,108827.52
Georgia,2007,,6810.19084575205,Russian,20.9552895761984,142709.52
Georgia,2008,,7132.20527273598,Russian,24.2245044534965,172774.14
Georgia,2009,,6986.00455062308,Russian,23.5093961970421,164236.75
Georgia,2010,,7564.06307018208,Russian,21.4273930417568,162078.16
Georgia,2011,,8360.29720703065,Russian,23.2131152688324,194068.55
Georgia,2012,,9826.052753410861,Russian,23.6564036830681,232449.08
Georgia,2020,,14761.477073018,Russian,21.4053148501443,315974.06
Guatemala,1990,,3321.50921722786,Spanish,6.86521167042449,22802.863
Guatemala,1991,,3464.99979264553,Spanish,7.32568643787739,25383.502
Guatemala,1992,,3619.18384885971,Spanish,8.31394870079594,30089.709
Guatemala,1993,,3753.50081465673,Spanish,7.81982716975758,29351.729
Guatemala,1994,,3890.18959085535,Spanish,6.76522723609661,26318.016
Guatemala,1995,,4067.30334167488,Spanish,7.71473124255776,31378.152
Guatemala,1996,,4163.04130508954,Spanish,8.529663739048461,35509.344
Guatemala,1997,,4319.34783733149,Spanish,8.69766927303715,37568.258
Guatemala,1998,,4479.02509576865,Spanish,9.371933974514659,41977.129
Guatemala,1999,,4608.00275074067,Spanish,10.2471509266561,47218.898
Guatemala,2000,,4763.6604208456,Spanish,10.0649764496874,47946.129
Guatemala,2001,,4863.44667679621,Spanish,11.0386722099797,53685.992
Guatemala,2002,,5013.51161965312,Spanish,12.0735961626442,60531.113
Guatemala,2003,,5124.38873294152,Spanish,11.8583959396845,60767.031
Guatemala,2004,,5313.30678615953,Spanish,11.7428498298475,62393.363
Guatemala,2005,,5541.98033488998,Spanish,11.3843835155732,63092.031
Guatemala,2006,,5894.58435338262,Spanish,12.0510563506017,71035.969
Guatemala,2007,,6310.61154582917,Spanish,12.2552412852976,77338.07
Guatemala,2008,,6518.38840007268,Spanish,11.4590303096883,74694.414
Guatemala,2009,,6476.42568562952,Spanish,10.5046855711114,68032.813
Guatemala,2010,,6618.19053228711,Spanish,10.6050218415249,70186.055
Guatemala,2011,,6910.87650155221,Spanish,11.0178435431948,76142.953
Guatemala,2012,,7204.73293807874,Spanish,11.0095522578867,79320.883
India,1990,,1200.90246203572,British,9.99359139611536,12001.328
India,1991,,1229.30291354714,British,10.1709224201253,12503.145
India,1992,,1299.94595008028,British,9.805228442221051,12746.267
India,1993,,1366.77910307642,British,8.53523362003571,11665.779
India,1994,,1460.26784550526,British,8.98177201621707,13115.793
India,1995,,1573.33256175916,British,9.226824690752959,14516.863
India,1996,,1690.74477516305,British,9.23146869089268,15608.058
India,1997,,1757.51471524373,British,9.00857773246063,15832.708
India,1998,,1852.81042254699,British,8.113143510932471,15032.117
India,1999,,2009.21569230667,British,8.63830002757078,17356.207
India,2000,,2095.64700617136,British,8.81014349623956,18462.951
India,2001,,2206.44816483846,British,8.079454444569571,17826.896
India,2002,,2287.63002432831,British,8.67627393097178,19848.105
India,2003,,2472.10373642451,British,9.10808432217665,22516.129
India,2004,,2695.89367354208,British,9.57081708050975,25801.904
India,2005,,2953.10925891283,British,10.0809315264093,29770.092
India,2006,,3237.29479935858,British,11.1293370539256,36028.945
India,2007,,3525.31445360065,British,12.1083469904396,42685.73
India,2008,,3650.94294321966,British,10.9771721522223,40077.027
India,2009,,3912.41821142619,British,9.80972540643427,38379.75
India,2010,,4236.74434794867,British,10.3880397905448,44011.469
India,2011,,4493.6694656757,British,10.1773871997608,45733.813
India,2012,,4861.15615236202,British,10.8367717209692,52679.238
Jamaica,1990,,4762.89949527943,British,23.4864850280994,111863.77
Jamaica,1991,,5121.0885065529,British,23.0828644767169,118209.39
Jamaica,1992,,5293.09495655368,British,23.4680682029233,124218.71
Jamaica,1993,,5872.66784091816,British,21.3287135032817,125256.45
Jamaica,1994,,6021.77076345676,British,21.1031675539708,127078.44
Jamaica,1995,,6231.26649116811,British,21.7440400125625,135492.91
Jamaica,1996,,6276.39659630335,British,20.1091995719527,126213.31
Jamaica,1997,,6253.97090593028,British,19.9140942077378,124542.16
Jamaica,1998,,6117.62026963529,British,20.851857286619,127563.74
Jamaica,1999,,6214.26667219913,British,21.892234514133,136044.19
Jamaica,2000,,6355.8472555378,British,22.4946625353317,142972.64
Jamaica,2001,,6533.37375669328,British,21.4148130153716,139910.98
Jamaica,2002,,6723.67797400257,British,21.8590101924323,146972.95
Jamaica,2003,,7056.14797251069,British,24.071100071624,169849.25
Jamaica,2004,,7300.05846676836,British,24.1674973059177,176424.14
Jamaica,2005,,7553.20140626909,British,23.2159728449925,175354.92
Jamaica,2006,,7965.47713872543,British,24.0143899425756,191286.08
Jamaica,2007,,8255.173533302541,British,24.786546428363,204617.23
Jamaica,2008,,8306.50486208059,British,24.684756616975,205044.05
Jamaica,2009,,7966.13079910865,British,24.9559702047372,198802.52
Jamaica,2010,,7900.19947850272,British,24.2781717265526,191802.41
Jamaica,2011,,8159.87616499912,British,23.364368298024,190650.36
Jamaica,2012,,8187.19367364946,British,24.3328930313007,199218.11
Kazakhstan,1997,,6470.00269555572,Russian,6.78722058676219,43913.336
Kazakhstan,1998,,6530.41311634226,Russian,7.29479389602331,47638.02
Kazakhstan,1999,,6868.85943069398,Russian,7.74536993437448,53201.855
Kazakhstan,2000,,7733.78944277979,Russian,10.2213950712596,79050.117
Kazakhstan,2001,,8985.655500612191,Russian,9.642300653237671,86642.391
Kazakhstan,2002,,10021.8969616521,Russian,12.1343597833771,121609.3
Kazakhstan,2003,,11119.8870659711,Russian,13.0832376530724,145484.13
Kazakhstan,2004,,12428.8368274929,Russian,13.9086779667034,172868.69
Kazakhstan,2010,,19225.0769114856,Russian,15.7123804636498,302071.72
Kazakhstan,2011,,20779.4442514491,Russian,18.2578342100647,379387.66
Kazakhstan,2012,,22032.1745436853,Russian,13.3120981501594,293294.47
Malaysia,1996,,11620.331451612,British,19.3779263159554,225177.92
Malaysia,1997,,12373.3166394774,British,19.7533668092053,244414.66
Malaysia,1998,,11302.4638397748,British,16.7301574972727,189092
Malaysia,1999,,11875.8112949594,British,14.0937080235667,167374.22
Malaysia,2000,,12913.1749194477,British,13.6669089031737,176483.19
Malaysia,2001,,12976.6757909642,British,17.7948888050621,230918.5
Malaysia,2002,,13606.0510296712,British,17.4469550876406,237384.16
Malaysia,2003,,14369.8270420309,British,15.4956551225138,222669.89
Malaysia,2004,,15450.0485640401,British,15.1990937626569,234826.73
Malaysia,2005,,16454.2153771604,British,14.8263910607125,243956.63
Malaysia,2006,,17549.6029455376,British,14.5161969824928,254753.5
Malaysia,2007,,18784.4843116974,British,14.3037228371975,268688.06
Malaysia,2008,,19695.079208937,British,14.6629582567858,288788.13
Malaysia,2009,,19193.1918612103,British,14.9405015326636,286755.91
Malaysia,2010,,20508.7575347559,British,13.3321953103767,273426.75
Malaysia,2011,,21704.7442727685,British,14.794353171378,321107.66
Malaysia,2012,,22985.8016562374,British,15.613146742555,358880.69
Mexico,1990,,8081.83577248088,Spanish,11.8483646611837,95756.539
Mexico,1991,,8559.90033422319,Spanish,11.5944926057709,99247.703
Mexico,1992,,8936.04811712674,Spanish,11.6024353429574,103679.92
Mexico,1993,,8555.640559998819,Spanish,9.070611435219011,77604.891
Mexico,1994,,9014.382314463541,Spanish,8.49192167477219,76549.43
Mexico,1995,,8482.612599780939,Spanish,8.47962461733246,71929.367
Mexico,1996,,9076.08763738117,Spanish,8.74298165622915,79352.07
Mexico,1997,,9712.090654806259,Spanish,8.9877306757099,87289.656
Mexico,1998,,10173.1662805571,Spanish,8.155611882971019,82968.398
Mexico,1999,,10448.8243676125,Spanish,8.60813618545405,89944.906
Mexico,2000,,11089.8134294426,Spanish,9.572861437564329,106161.25
Mexico,2008,,14924.8216140502,Spanish,10.0237674138845,149602.94
Mexico,2009,,14558.2449421911,Spanish,9.679796262687811,140920.84
Mexico,2010,,15260.6208214691,Spanish,10.1109133125608,154298.81
Mexico,2011,,16520.2592224915,Spanish,10.0124026674765,165407.48
Mexico,2012,,17162.9273706838,Spanish,9.773015604939861,167733.56
Moldova,1996,,3058.13304560972,Russian,12.0896762347,36971.84
Moldova,1997,,3175.81155531082,Russian,18.2831060982003,58063.699
Moldova,1998,,3002.66190609413,Russian,18.0802408389372,54288.852
Moldova,1999,,2948.04242583586,Russian,15.0573539668779,44389.719
Moldova,2000,,3083.73543020041,Russian,14.7257496118183,45410.316
Moldova,2001,,3351.09425092293,Russian,12.1712003093085,40786.84
Moldova,2002,,3678.12846682428,Russian,12.8813543692286,47379.277
Moldova,2003,,4004.96099950252,Russian,14.6728701256381,58764.273
Moldova,2004,,4428.07283180443,Russian,16.3573926073926,72431.727
Moldova,2005,,4920.41306115406,Russian,18.4853394242006,90955.508
Moldova,2006,,5327.428299442,Russian,19.5712115118202,104264.23
Moldova,2007,,5647.72573249059,Russian,20.5665356541269,116154.16
Moldova,2008,,6218.49981632334,Russian,20.4459489526716,127143.13
Moldova,2009,,5897.39182807244,Russian,17.6853133213094,104297.22
Moldova,2010,,6396.08927156131,Russian,15.160640793259,96968.813
Moldova,2011,,6913.60229203322,Russian,15.2403271612774,105365.56
Moldova,2012,,7363.1623193664,Russian,15.5953463259033,114831.07
Morocco,1990,,2549.07995252081,Spanish,18.676721475858,47608.457
Morocco,1991,,2774.43996911223,Spanish,18.4154193783175,51092.477
Morocco,1992,,2729.05808236974,Spanish,20.6514295555341,56358.949
Morocco,1993,,2725.60302221673,Spanish,20.2477033406709,55187.203
Morocco,1994,,3028.39254515345,Spanish,18.8549351466086,57100.145
Morocco,1995,,2879.88079107495,Spanish,18.351209036907,52849.293
Morocco,1997,,3208.42171591406,Spanish,19.4054874639843,62260.988
Morocco,1998,,3434.52751079975,Spanish,19.1652470155573,65823.57
Morocco,1999,,3477.87895148896,Spanish,19.8732387628787,69116.719
Morocco,2002,,4014.23916540692,Spanish,19.0725660331981,76561.844
Morocco,2003,,4281.40038891461,Spanish,18.7897724841481,80446.539
Morocco,2004,,4553.55713467899,Spanish,18.9788516520112,86421.289
Morocco,2005,,4793.26702800313,Spanish,20.9729412608579,100528.91
Morocco,2006,,5250.52167643913,Spanish,21.451021443388,112629.05
Morocco,2007,,5516.87427112371,Spanish,23.9054028489523,131883.11
Morocco,2008,,5886.67211198563,Spanish,26.4926255843365,155953.41
Morocco,2009,,6107.38027064461,Spanish,23.4563039837761,143256.56
Morocco,2010,,6332.12566680149,Spanish,22.8192333812509,144494.25
Morocco,2011,,6712.32317824853,Spanish,23.2967561359164,156375.36
Morocco,2012,,6702.41832426533,Spanish,23.9036403718971,160212.2
Myanmar,1990,,400.273998969675,British,6.80892838068957,2725.437
Myanmar,1991,,412.652237952342,British,6.18756712299974,2553.3135
Myanmar,1992,,435.679709963281,British,5.76024003827627,2509.6196
Myanmar,1993,,475.17477489864,British,5.58818097755117,2655.3625
Myanmar,1994,,512.331329002907,British,4.82562128583686,2472.3169
Myanmar,1995,,554.135180239329,British,4.20305055270839,2329.0581
Myanmar,1996,,594.557321801345,British,4.49012643292196,2669.6375
Myanmar,1997,,633.515997825696,British,5.1717796963519,3276.4053
Myanmar,1998,,668.884077359695,British,4.15149022546198,2776.8657
Myanmar,1999,,726.985650717433,British,3.17328825377043,2306.9351
Myanmar,2000,,825.901132734739,British,3.19317570277791,2637.2473
Myanmar,2001,,939.0871837952729,British,2.62551426933766,2465.5869
Myanmar,2002,,1054.92519029143,British,2.45405168972274,2588.8411
Myanmar,2003,,1202.79183488075,British,2.55689777360985,3075.4158
Myanmar,2004,,1392.31676831473,British,3.53789061690866,4925.8643
Myanmar,2005,,1617.62678007195,British,4.46458703594925,7222.0356
Myanmar,2012,,3547.13065293373,British,4.75368401284114,16861.938
Nicaragua,1990,,1974.13722951829,Spanish,26.2658373469951,51852.367
Nicaragua,1991,,1992.10143863645,Spanish,18.2393673743543,36334.672
Nicaragua,1992,,1999.93993759935,Spanish,19.8495091477019,39697.824
Nicaragua,1993,,1994.52409435579,Spanish,18.9808828317596,37857.828
Nicaragua,1994,,2060.54392979523,Spanish,8.9936659409003,18531.844
Nicaragua,1995,,2183.49798991955,Spanish,9.40273440161028,20530.852
Nicaragua,1996,,2319.96522107029,Spanish,9.494441288423941,22026.773
Nicaragua,1997,,2411.34072176215,Spanish,10.589091758038,25533.908
Nicaragua,1998,,2486.2525854385,Spanish,11.0364830637541,27439.484
Nicaragua,1999,,2656.11980132476,Spanish,10.7189463745964,28470.807
Nicaragua,2000,,2783.22891252777,Spanish,10.6468701120311,29632.676
Nicaragua,2001,,2885.20362106677,Spanish,9.802508066499961,28282.232
Nicaragua,2002,,2911.09479290476,Spanish,10.3954991061828,30262.283
Nicaragua,2003,,2998.08761692462,Spanish,11.7208158960434,35140.031
Nicaragua,2004,,3198.34719897089,Spanish,12.1881791801183,38982.027
Nicaragua,2005,,3392.56217832768,Spanish,12.8998034816805,43763.387
Nicaragua,2006,,3590.83108463621,Spanish,13.6841750955082,49137.563
Nicaragua,2007,,3821.59213644485,Spanish,13.8620039284124,52974.926
Nicaragua,2008,,3974.72954977733,Spanish,13.2017059330992,52473.211
Nicaragua,2009,,3820.50291722455,Spanish,13.1376850661469,50192.563
Nicaragua,2010,,3981.08092009041,Spanish,13.6784134892971,54454.871
Nicaragua,2011,,4263.15777678703,Spanish,14.5197831928862,61900.125
Nicaragua,2012,,4427.94692395537,Spanish,15.0091332693533,66459.648
Paraguay,2005,,7485.2992173735,Spanish,8.264764504404321,61864.234
Paraguay,2006,,7960.72539286794,Spanish,8.35050418277665,66476.07
Paraguay,2007,,8495.336999042829,Spanish,7.83787789139878,66585.414
Paraguay,2008,,9097.52048887733,Spanish,8.09407229993163,73635.992
Paraguay,2009,,9020.30802243108,Spanish,8.327582816999239,75117.359
Paraguay,2010,,10001.5304279296,Spanish,8.871213476066821,88725.711
Paraguay,2011,,10503.5958528238,Spanish,9.36683510297004,98385.453
Paraguay,2012,,10018.7236347841,Spanish,9.457778351219581,94754.867
Peru,1990,,3359.26402982335,Spanish,10.7238952091481,36024.395
Peru,1991,,3478.86028882839,Spanish,11.0279442716709,38364.676
Peru,1992,,3470.4256698301,Spanish,11.9830523810582,41586.293
Peru,1993,,3668.48360515181,Spanish,12.1654220628628,44628.652
Peru,1994,,4129.78966769938,Spanish,12.9721441686363,53572.227
Peru,1995,,4445.42627906544,Spanish,13.6847575729859,60834.582
Peru,1996,,4568.05314317106,Spanish,14.1998141675147,64865.504
Peru,1997,,4861.12190848049,Spanish,14.3987605306478,69994.133
Peru,1998,,4811.26041805526,Spanish,14.2348049647571,68487.352
Peru,1999,,4873.86444489795,Spanish,12.9941892981826,63331.918
Peru,2000,,5043.26718093489,Spanish,12.6086474992247,63588.777
Peru,2001,,5120.06880606732,Spanish,12.8971056336871,66034.07
Peru,2002,,5423.64423020835,Spanish,12.4871426273152,67725.82
Peru,2003,,5697.43212566785,Spanish,13.411521163568,76411.234
Peru,2004,,6084.89253463637,Spanish,13.6633689429004,83140.133
Peru,2005,,6610.89170564893,Spanish,14.1047421923916,93244.922
Peru,2006,,7262.25808387806,Spanish,15.6699876015142,113799.49
Peru,2007,,8026.61032508827,Spanish,16.4074683503203,131696.36
Peru,2008,,8857.863860699261,Spanish,16.5121709202423,146262.56
Peru,2009,,8951.012534840431,Spanish,14.4565268083919,129400.55
Peru,2010,,9730.421103934241,Spanish,15.4665717570431,150496.25
Peru,2011,,10476.7963282297,Spanish,15.9688951452089,167302.86
Peru,2012,,10767.6773277036,Spanish,16.5466871027669,178169.39
Russian Federation,1999,,5914.32606206006,Russian,11.2428726496447,66494.016
Russian Federation,2000,,6825.3915111818,Russian,13.7255344540838,93682.148
Russian Federation,2001,,7361.36367852645,Russian,15.778699595813,116152.75
Russian Federation,2002,,8037.47453541558,Russian,13.6349660680486,109590.7
Russian Federation,2003,,9254.537200764749,Russian,13.3140302040687,123215.19
Russian Federation,2004,,10226.7661539289,Russian,13.2340253896719,135341.28
Russian Federation,2005,,11822.3469289417,Russian,16.6229096830257,196521.81
Russian Federation,2006,,14912.2339332667,Russian,16.5682157585873,247069.11
Russian Federation,2007,,16648.2416399717,Russian,16.5513130625157,275550.25
Russian Federation,2008,,20163.6094155718,Russian,15.8180678239761,318949.34
Russian Federation,2009,,19389.9411762443,Russian,12.9563524123963,251222.91
Russian Federation,2010,,20490.1267193879,Russian,13.0483488461042,267362.31
Russian Federation,2011,,22798.6744273279,Russian,13.9542036796753,318137.34
Russian Federation,2012,,24303.4734145818,Russian,13.7546730412872,334286.34
South Africa,1990,,7068.55103625077,British,23.1119406230036,163367.94
South Africa,1991,,7057.05935934133,British,22.9037677687037,161633.25
South Africa,1992,,6889.44533175094,British,20.621646343847,142071.7
South Africa,1993,,6966.60240186848,British,19.8688359609019,138418.28
South Africa,1994,,7174.6529721861,British,19.6043743222704,140654.58
South Africa,1995,,7393.29833894827,British,20.2955260214681,150050.88
South Africa,1996,,7702.70859087219,British,20.9846364817904,161638.55
South Africa,1997,,7904.61345695281,British,21.2498395625278,167971.77
South Africa,1998,,7905.76905389232,British,21.9639431431796,173641.86
South Africa,1999,,8090.83226566727,British,21.7599312426722,176055.95
South Africa,2000,,8498.518593668739,British,20.9760632464162,178265.47
South Africa,2001,,8801.28892918131,British,21.7005914264295,190993.17
South Africa,2002,,9154.891518853001,British,20.8248927712355,190649.64
South Africa,2003,,9483.132346464279,British,20.4927670870354,194335.63
South Africa,2004,,10058.7409853464,British,21.6985960707513,218260.56
South Africa,2005,,10785.0833126626,British,22.9721111805983,247756.14
South Africa,2006,,11586.7845935066,British,24.3780853808343,282463.63
South Africa,2007,,12374.9701452634,British,24.8072372824336,306988.81
South Africa,2008,,12845.726180337,British,24.322809870073,312444.16
South Africa,2009,,12568.453603784,British,21.8948815275307,275184.81
South Africa,2010,,12912.1250302392,British,22.5206038448836,290788.84
South Africa,2011,,13393.7668852316,British,22.8837163024036,306499.16
South Africa,2012,,13215.7086791394,British,23.3457659512245,308530.84
Sri Lanka,1990,,2305.30010964183,British,19.0208338512791,43848.73
Sri Lanka,1991,,2463.04105408528,British,18.3047979696249,45085.469
Sri Lanka,1992,,2600.19653301826,British,17.9534568745988,46682.516
Sri Lanka,1993,,2815.65369271819,British,17.4699988990422,49189.469
Sri Lanka,1994,,3008.34906644483,British,17.1679756304785,51647.262
Sri Lanka,1995,,3213.99559362207,British,17.7520171555561,57054.906
Sri Lanka,1996,,3374.20577227887,British,16.950690509915,57195.117
Sri Lanka,1997,,3634.03928650868,British,16.0076920311995,58172.582
Sri Lanka,1998,,3828.186040917,British,14.4764269842611,55418.457
Sri Lanka,1999,,4029.0469069314,British,15.0120754491787,60484.355
Sri Lanka,2000,,4339.68286403749,British,14.5027655060765,62937.402
Sri Lanka,2001,,4335.36790211633,British,14.6255003915026,63406.926
Sri Lanka,2002,,4542.33736932593,British,14.0203617835683,63685.215
Sri Lanka,2003,,4860.33813415959,British,12.7106758527447,61778.184
Sri Lanka,2004,,5218.68123598677,British,13.4659689569891,70274.602
Sri Lanka,2005,,5670.95512893446,British,13.7325290221471,77876.555
Sri Lanka,2006,,6242.37155825562,British,14.5772591775899,90996.672
Sri Lanka,2007,,6795.34479692121,British,14.2216085895166,96640.734
Sri Lanka,2008,,7287.58522156073,British,13.2773344349014,96759.703
Sri Lanka,2009,,7550.29488741207,British,12.8003204769597,96646.195
Sri Lanka,2010,,8194.269253850451,British,11.3000305616986,92595.492
Sri Lanka,2011,,9007.734198696309,British,11.2563933378824,101394.6
Sri Lanka,2012,,10315.1802471606,British,10.4084147644471,107364.67
Tajikistan,1998,,928.285769062839,Russian,7.68906661464937,7137.6509
Tajikistan,1999,,961.80308841459,Russian,8.20944237918216,7895.8672
Tajikistan,2000,,1048.59397915516,Russian,7.70308389768848,8077.4072
Tajikistan,2001,,1155.2719806908,Russian,8.201926827365631,9475.4561
Tajikistan,2003,,1419.99898899884,Russian,9.70218843197379,13777.098
Tajikistan,2004,,1579.25260198499,Russian,9.821023786746229,15509.877
Ukraine,1999,,3755.2443564076,Russian,12.9917511231045,48787.199
Ukraine,2000,,4106.83539141344,Russian,13.6153819949128,55916.133
Ukraine,2001,,4631.60673003002,Russian,11.6624126908962,54015.711
Ukraine,2002,,4999.09094029347,Russian,12.6327971410023,63152.5
Ukraine,2003,,5621.90307732677,Russian,13.161625947039,73993.383
Ukraine,2004,,6521.61085909695,Russian,12.8140914560614,83568.516
Ukraine,2005,,6977.25891244237,Russian,16.5287705679768,115325.52
Ukraine,2006,,7775.60692952402,Russian,17.0921634355012,132901.94
Ukraine,2007,,8642.213884074499,Russian,15.8179537908098,136702.14
Ukraine,2008,,9062.24736166671,Russian,17.0917178616882,154889.38
Ukraine,2009,,7818.30385453886,Russian,15.7892363802239,123445.05
Ukraine,2010,,8245.37524122564,Russian,14.997505767077,123660.06
Ukraine,2011,,8909.65960754126,Russian,17.8400492744471,158948.77
Ukraine,2012,,9343.330739660831,Russian,17.6333154227001,164753.89
Uruguay,1990,,6385.96155741081,Spanish,16.2025863999242,103469.09
Uruguay,1991,,6787.40009006716,Spanish,16.7932403160897,113982.44
Uruguay,1992,,7438.5350370288,Spanish,17.2408574744059,128246.72
Uruguay,1993,,7759.96535154179,Spanish,19.389494107735,150461.8
Uruguay,1994,,8440.574912040331,Spanish,19.0344093835043,160661.36
Uruguay,1995,,8431.903162836399,Spanish,16.8787580283368,142320.05
Uruguay,1996,,9000.72104198845,Spanish,17.3511022349298,156172.44
Uruguay,1997,,9875.518951973931,Spanish,16.780792455572,165719.03
Uruguay,1998,,10371.685652876,Spanish,16.9828417745635,176140.7
Uruguay,1999,,10264.5276055778,Spanish,15.278285168979,156824.38
Uruguay,2000,,10255.1008821721,Spanish,14.6991370386579,150741.14
Uruguay,2001,,10059.7877241318,Spanish,15.3059815839749,153974.92
Uruguay,2002,,9427.15285991748,Spanish,15.7776762187295,148738.56
Uruguay,2003,,9686.495101530651,Spanish,17.2060058985691,166665.89
Uruguay,2004,,10451.8934493213,Spanish,17.8462046174237,186526.63
Uruguay,2005,,11580.3856760681,Spanish,17.8969219665738,207253.27
Uruguay,2006,,12406.3658786305,Spanish,18.9880555699046,235572.77
Uruguay,2007,,13547.1312743656,Spanish,18.4105090864616,249409.58
Uruguay,2008,,14764.1876516712,Spanish,18.2418412723851,269325.97
Uruguay,2009,,15464.2622035389,Spanish,18.7222209518185,289525.34
Uruguay,2010,,16817.0790492985,Spanish,18.886388740713,317613.91
Uruguay,2011,,18002.8938254166,Spanish,19.1018312982026,343888.25
Uruguay,2012,,18192.3297038387,Spanish,18.8218856083556,342413.94
Uzbekistan,2011,,5844.80756223251,Russian,12.3662567573144,72278.391
Uzbekistan,2012,,6061.94715388358,Russian,13.1744077704128,79862.563
Zimbabwe,2009,,1532.82158569606,British,9.19689233898681,14097.195
Zimbabwe,2010,,1830.82733292151,British,17.434923710737,31920.334
Zimbabwe,2011,,2101.82405127514,British,17.9282541990398,37682.035
Zimbabwe,2012,,2375.92700580051,British,17.8354892203875,42375.82
