,xFitted,yFitted,HealthExpPC,Dependency
0,1.286894808,2133.535926857914,9.64153671,4.758272778
1,1.3318237046686687,2092.441435833412,376.5013733,20.04121416
2,1.3767526013373372,2051.9532881687746,633.7988281,10.02144174
3,1.421681498006006,2012.0653459388507,,
4,1.4666103946746747,1972.7715162768086,,
5,1.5115392913433434,1934.065751164828,69.06031799,4.347987485
6,1.556468188012012,1895.9420472252436,780.3624877999999,12.73197193
7,1.6013970846806806,1858.3944455121389,1221.781616,17.33868976
8,1.6463259813493494,1821.4170313034037,127.9612808,16.52235848
9,1.691254878018018,1785.003933893232,,
10,1.7361837746866866,1749.1493263850846,3456.6274409999996,24.03035262
11,1.7811126713553553,1713.8474254850978,4296.747559,28.48789232
12,1.8260415680240238,1679.0924912959488,168.0699616,8.795572468
13,1.8709704646926926,1644.878827111178,1006.997803,10.33003861
14,1.9158993613613613,1611.200779209955,1150.379761,3.098012895
15,1.96082825803003,1578.0527366523113,18.61657524,7.683541228999999
16,2.0057571546986988,1545.429131074814,539.0012817,23.63761604
17,2.050686051367367,1513.3244364867019,797.3865356000001,21.73873232
18,2.0956149480360358,1481.7331690664714,4096.09082,29.28610382
19,2.1405438447047045,1450.6498869589177,347.3262024,7.288678927
20,2.185472741373373,1420.0691900726247,16.38282776,5.992053527
21,2.230401638042042,1389.9857198779182,,
22,2.2753305347107107,1360.394159205262,256.2272949,8.798677265
23,2.3202594313793794,1331.2892320441138,353.0602417,11.64980335
24,2.365188328048048,1302.6657033422352,908.5909424,23.95214663
25,2.410117224716717,1274.5183788054478,843.5006714,6.8499182329999995
26,2.4550461213853856,1246.842104697856,637.9216918999999,12.79386664
27,2.499975018054054,1219.6317676425097,,
28,2.5449039147227226,1192.882294422529,1857.6505129999998,6.758880245
29,2.5898328113913913,1166.5886517826784,941.6680908,32.65152934
30,2.63476170806006,1140.7458462314007,47.48747635,4.5721030869999995
31,2.6796906047287283,1115.3489238432949,16.16786575,4.300248832
32,2.724619501397397,1090.3929700620542,240.3788147,6.919608964
33,2.769548398066066,1065.873109503857,55.55650711,7.113009316
34,2.8144772947347345,1041.784505761213,7.96273899,4.994327935
35,2.8594061914034032,1018.1223612072531,3821.553467,25.75872729
36,2.904335088072072,994.8819168004902,,
37,2.9492639847407407,972.0584518900159,6.07482052,5.343748417
38,2.9941928814094094,949.6472840211595,13.43343544,4.922331176
39,3.039121778078078,927.6437687416042,,
40,3.084050674746747,906.0432994079501,1172.167725,16.77884884
41,3.128979571415415,884.8413069927292,527.6022949,15.33786422
42,3.173908468084084,864.0332598918799,827.4388428,12.38682825
43,3.2188373647527526,843.6146637326779,12.42846012,5.23371678
44,3.2637662614214213,823.5810611821089,4.6314168,5.938700076
45,3.30869515809009,803.9280317557045,46.07588577,4.827159418
46,3.353624054758759,784.6511916268273,967.565918,13.81524559
47,3.398552951427427,765.7461934364151,50.79077911,5.178862101
48,3.443481848096096,747.2087261031702,1561.094482,31.43389598
49,3.4884107447647645,729.0345146342065,2239.784912,22.13651465
50,3.5333396414334333,711.2193199361545,,
51,3.578268538102102,693.758938626715,1123.486572,19.74166773
52,3.6231974347707707,676.649202846661,2514.624268,29.88170785
53,3.6681263314394394,659.885980072308,4860.257324,31.089476399999995
54,3.7130552281081077,643.4651729284233,66.85728455,6.87055517
55,3.7579841247767765,627.3827190015977,,
56,3.802913021445445,611.6345906540641,450.8258972,10.90669478
57,3.847841918114114,596.2167948379802,496.4184876,11.04279325
58,3.8927708147827826,581.1253729101513,176.444931,8.577415968
59,3.9376997114514514,566.3564004472141,378.2166138,12.83213318
60,3.98262860812012,551.9059870612787,138.378952,4.06764018
61,4.027557504788788,537.7702762160129,,
62,4.072486401457457,523.945445043189,1786.1077879999998,30.65826602
63,4.117415298126126,510.42770415968016,228.68084720000002,6.936944472
64,4.162344194794795,497.2132974849105,15.57280636,6.283904682999999
65,4.207273091463463,484.29850205876346,,
66,4.252201988132132,471.6796278599336,254.4277344,8.379191162
67,4.297130884800801,459.3530176247423,3501.412354,34.95794303
68,4.3420597814694695,447.3150466664042,3852.31958,32.30926755
69,4.386988678138138,435.5621226947442,,
70,4.431917574806807,424.0906856363654,287.624176,5.998811817999999
71,4.476846471475476,412.89720745528166,24.72364616,4.8737692610000005
72,4.521775368144144,401.9781919739985,314.07565310000007,22.75124235
73,4.566704264812813,391.33017469503466,4737.330566,33.06061416
74,4.611633161481482,380.9497226229246,65.33228302,5.172150033
75,4.65656205815015,370.8334340866454,,
76,4.701490954818818,360.9779385625143,1215.3240970000002,33.69239259
77,4.746419851487487,351.3798964975417,,
78,4.791348748156156,342.03599913322705,265.0151978,14.40100984
79,4.836277644824825,332.94296832980945,,
80,4.881206541493493,324.09755639098785,173.9083557,7.920776028
81,4.926135438162162,315.4965458890656,17.95958328,5.497583149
82,4.97106433483083,307.13674949058714,11.28578281,5.1492729719999994
83,5.015993231499499,299.0150097823848,317.3570252,9.872565162
84,5.060922128168167,291.1281990981133,17.2068367,8.00765841
85,5.105851024836836,283.47321934522824,145.84317019999997,7.378838308
86,5.150779921505505,276.04700183240675,,
87,5.1957088181741735,268.8465070974362,1461.609985,28.83884732
88,5.240637714842842,261.8687247355474,4211.852539,22.63176383
89,5.285566611511511,255.11067322820873,74.15726471,9.256038867000001
90,5.33049550818018,248.56939977236834,185.06178280000003,8.665518008
91,5.375424404848848,242.24198011015278,776.7890014999999,8.919346463
92,5.420353301517517,236.12551835901058,344.6011963,5.701850707999999
93,5.465282198186186,230.21714684232938,4357.137207,21.42170178
94,5.510211094854855,224.51402592047998,,
95,5.555139991523523,219.0133438223429,2075.362793,19.9291768
96,5.600068888192192,213.71231647725972,2677.774902,35.59443453
97,5.644997784860861,208.60818734746,363.0863037,13.04111729
98,5.6899266815295295,203.69822726093344,,
99,5.734855578198198,198.97973424475367,362.8049622,6.213232452000001
100,5.779784474866867,194.45003335885667,476.81665039999996,11.52318178
101,5.824713371535536,190.106476530274,75.50148773,4.041536075
102,5.869642268204204,185.94644238782257,212.25886540000002,6.532749347
103,5.914571164872873,181.96733609724424,,
104,5.959500061541542,178.16658919679912,1878.604858,19.8580482
105,6.004428958210211,174.54165943330736,,
106,6.049357854878879,171.09003059865836,3230.298096,3.3598330539999997
107,6.094286751547546,167.80921236676386,111.3349838,7.117003972999999
108,6.139215648216215,164.6967401309621,64.66712189,6.435716192999999
109,6.184144544884884,161.7501748418781,1132.081055,31.33741457
110,6.2290734415535525,158.96710284575056,543.1585693,10.4666419
111,6.274002338222221,156.34513572318338,179.4115753,7.856508529
112,6.31893123489089,153.88191012838524,25.87359619,5.849221252
113,6.363860131559559,151.575087628828,,
114,6.408789028228227,149.42235454539696,,
115,6.453717924896896,147.4214217929516,1523.44165,30.12423597
116,6.498646821565565,145.57002472138265,5135.880371,20.27949989
117,6.543575718234234,143.8659229570867,,
118,6.588504614902902,142.30690024491832,28.25439072,5.300754484
119,6.633433511571571,140.89076429058605,34.51488113,4.949153234
120,6.67836240824024,139.61534660350117,611.0286865,9.622754807
121,6.7232913049089085,138.47850234008547,1018.78302,4.863229624
122,6.768220201577577,137.47811014752688,25.398283,5.019549381
123,6.813149098246246,136.61207200798844,2473.938965,31.12767146
124,6.858077994914915,135.8783130832876,,
125,6.903006891583583,135.27478155999052,68.21751404,5.532495657
126,6.947935788252252,134.79944849500862,595.7490234,16.22199925
127,6.992864684920921,134.4503076616088,533.7372437,10.90870355
128,7.03779358158959,134.22537539590394,108.98824309999999,6.216257266
129,7.082722478258258,134.12269044377626,271.24172969999995,15.78298322
130,7.127651374926927,134.1403138082651,,
131,7.172580271595596,134.27632859742107,304.7073059,6.233757354
132,7.2175091682642645,134.52883987257837,1026.979614,22.41234991
133,7.262438064932933,134.895974497123,187.74357609999998,10.66103599
134,7.307366961601602,135.37588098566948,24.93854904,5.512681443
135,7.352295858270271,135.9667293537468,43.26124954,8.526348208
136,7.397224754938938,136.66671096787786,406.5463867,6.115738817
137,7.442153651607606,137.47403839615617,,
138,7.487082548276275,138.3869452592562,45.18733978,8.969377937
139,7.532011444944944,139.40368608190784,3657.7307130000004,29.67153807
140,7.5769403416136125,140.52253614481288,,
141,7.621869238282281,141.74179133701546,3011.491943,24.19451041
142,7.66679813495095,143.05976800875305,283.47229,8.129247748
143,7.711727031619619,144.47480282471042,25.8909111,5.472312061
144,7.756655928288287,145.98525261778832,34.63783264,5.146251551000001
145,7.801584824956956,147.58949424325237,615.1756592,19.58119093
146,7.846513721625625,149.28592443342677,,
147,7.891442618294294,151.07295965275898,5817.625488000001,26.0684468
148,7.936371514962962,152.9490359533629,1516.095215,3.1751103919999997
149,7.981300411631631,154.9126088310586,63.33958435,7.138297057000001
150,8.0262293083003,156.96215308179535,,
151,8.071158204968969,159.09616265859495,1186.468018,12.50094627
152,8.116087101637637,161.31315052888203,70.93900299,5.672270113
153,8.161015998306306,163.6116485323323,409.2871399,10.026952099999999
154,8.205944894974975,165.990207239131,480.0291138,12.23271141
155,8.250873791643643,168.44739580869964,128.6225128,8.014734531
156,8.295802688312312,170.9818018488868,1432.594727,25.97929856
157,8.34073158498098,173.59203127557794,1992.4705809999998,33.99049613
158,8.38566048164965,176.27670817280978,,
159,8.430589378318318,179.034474653291,2363.920654,1.6101583919999998
160,8.475518274986987,181.8639907194006,1256.1640630000002,27.73265343
161,8.520447171655656,184.7639341246413,884.9024048,21.76894278
162,8.565376068324325,187.73300023553202,53.45846176,5.14694428
163,8.610304964992993,190.7699018939702,256.4603272,8.439783067
164,8.65523386166166,193.87336928003242,,
165,8.700162758330329,197.04214977525226,94.04404449,5.362773285
166,8.745091654998998,200.27500782629932,2197.760254,4.625832157
167,8.790020551667666,203.57072480920442,34.80200577,5.731438044
168,8.834949448336335,206.92809889391538,881.4067382999999,27.8116005
169,8.879878345005004,210.34594490943527,1153.517456,11.0439866
170,8.924807241673673,213.82309420931188,24.99506378,5.29990222
171,8.969736138342341,217.35839453762992,2234.972656,15.03229913
172,9.01466503501101,220.9507098954632,,
173,9.059593931679679,224.5989204077323,1727.049805,22.67584864
174,9.104522828348347,228.301922190602,2286.951416,29.99309598
175,9.149451725017016,232.05862721920857,85.08787537,6.40846607
176,9.194380621685685,235.86796319596897,,
177,9.239309518354354,239.72887341926753,610.4276123,8.106405078
178,9.284238415023022,243.64031665259427,12.26207829,6.203719287999999
179,9.329167311691691,247.60126699418652,2517.967285,29.38163313
180,9.37409620836036,251.61071374707626,212.4127808,16.03131265
181,9.419025105029029,255.66766128961717,,
182,9.463954001697697,259.7711289464414,288.4930115,13.68382291
183,9.508882898366366,263.92015085991534,,
184,9.553811795035035,268.1137758619893,375.03771969999997,14.13005695
185,9.598740691703702,272.3510673465521,66.94773102,6.405218444
186,9.64366958837237,276.63110314219375,777.7474365,10.47641621
187,9.68859848504104,280.95297538547857,4959.519043,32.24432138
188,9.733527381709708,285.3157903946094,2533.235596,28.01923762
189,9.778456278378377,289.7186685435918,,
190,9.823385175047045,294.1607441368301,67.54522705,5.02025502
191,9.868314071715714,298.6411652841707,48.29768372,4.880443411
192,9.913242968384383,303.15909377644766,551.2198486000001,16.75896062
193,9.958171865053052,307.71370496139116,213.7797089,7.454705432000001
194,10.00310076172172,312.3041876200823,18.63717461,5.142782498
195,10.048029658390389,316.9297438438125,224.72973629999998,10.15436486
196,10.092958555059058,321.589588911399,1034.8359380000002,15.5928402
197,10.137887451727726,326.2829511669561,523.3455811000001,12.31693176
198,10.182816348396395,331.0090718981546,905.9761353,12.68662415
199,10.227745245065064,335.7672052148673,231.0597534,6.836393545
200,10.272674141733733,340.5566179283205,,
201,10.317603038402401,345.3765894307098,,
202,10.36253193507107,350.22641157518956,22.05761909,3.796292787
203,10.407460831739739,355.1053885564161,327.2149963,24.25680175
204,10.452389728408408,360.012836791494,1636.382202,1.286894808
205,10.497318625077076,364.9480848013545,3631.155762,28.77679086
206,10.542247521745745,369.9104730926292,5355.787109000001,24.13997563
207,10.587176418414414,374.89935403997697,1582.860596,22.94069716
208,10.632105315083082,379.9140917688319,175.3574066,6.606097936
209,10.677034211751751,384.9540620386051,68.97711182,6.329535057999999
210,10.72196310842042,390.01865212641223,183.49887090000001,11.16857727
211,10.766892005089089,395.1072607111246,200.5410767,10.45971711
212,10.811820901757757,400.2192977580198,,
213,10.856749798426426,405.35418440376816,,
214,10.901678695095093,410.5113528419388,,
215,10.946607591763762,415.69024620893833,81.4677887,3.96433459
216,10.99153648843243,420.8903184704059,55.3876152,5.377887877999999
217,11.0364653851011,426.11103430804724,,
218,11.081394281769768,431.35186900695226,,
219,11.126323178438437,436.6123083433449,,
220,11.171252075107105,441.89184847278466,,
221,11.216180971775774,447.1899958188433,,
222,11.261109868444443,452.50626696219024,,
223,11.306038765113112,457.84018853021007,,
224,11.35096766178178,463.1912970869671,,
225,11.395896558450449,468.5591390237423,,
226,11.440825455119118,473.94327044990405,,
227,11.485754351787786,479.3432570843188,,
228,11.530683248456455,484.75867414722325,,
229,11.575612145125124,490.18910625243734,,
230,11.620541041793793,495.63414730016666,,
231,11.665469938462461,501.09340037018774,,
232,11.71039883513113,506.56647761549266,,
233,11.755327731799799,512.0530001563911,,
234,11.800256628468468,517.5525979750828,,
235,11.845185525137136,523.0649098106451,,
236,11.890114421805805,528.5895830545296,,
237,11.935043318474474,534.1262736464496,,
238,11.979972215143142,539.6746459707729,,
239,12.024901111811811,545.2343727533544,,
240,12.06983000848048,550.8051349587722,,
241,12.114758905149149,556.3866216881388,,
242,12.159687801817816,561.9785300772046,,
243,12.204616698486484,567.5805651950368,,
244,12.249545595155153,573.1924399431418,,
245,12.294474491823822,578.8138749549498,,
246,12.33940338849249,584.4445984958629,,
247,12.38433228516116,590.0843463636857,,
248,12.429261181829828,595.7328617895628,,
249,12.474190078498497,601.38989533931,,
250,12.519118975167165,607.0552048152485,,
251,12.564047871835834,612.7285551584328,,
252,12.608976768504503,618.4097183514486,,
253,12.653905665173172,624.0984733215364,,
254,12.69883456184184,629.7946058442149,,
255,12.743763458510509,635.4979084473971,,
256,12.788692355179178,641.2081803159044,,
257,12.833621251847847,646.9252271964606,,
258,12.878550148516515,652.6488613031552,,
259,12.923479045185184,658.3789012232855,,
260,12.968407941853853,664.1151718238025,,
261,13.013336838522521,669.8575041580125,,
262,13.05826573519119,675.6057353729166,,
263,13.103194631859859,681.3597086168602,,
264,13.148123528528528,687.1192729477343,,
265,13.193052425197196,692.8842832416058,,
266,13.237981321865865,698.6546001017514,,
267,13.282910218534534,704.4300897682015,,
268,13.327839115203203,710.2106240277362,,
269,13.372768011871871,715.9960801243005,,
270,13.41769690854054,721.7863406698825,,
271,13.462625805209207,727.5812935558706,,
272,13.507554701877876,733.3808318648671,,
273,13.552483598546544,739.1848537828637,,
274,13.597412495215213,744.99326251203,,
275,13.642341391883882,750.8059661838279,,
276,13.68727028855255,756.6228777725855,,
277,13.73219918522122,762.4439150096359,,
278,13.777128081889888,768.2690002977624,,
279,13.822056978558557,774.0980606261937,,
280,13.866985875227225,779.9310274860682,,
281,13.911914771895894,785.7678367862181,,
282,13.956843668564563,791.6084287696003,,
283,14.001772565233232,797.4527479299641,,
284,14.0467014619019,803.300742929222,,
285,14.09163035857057,809.1523665150553,,
286,14.136559255239238,815.0075754390446,,
287,14.181488151907907,820.8663303753247,,
288,14.226417048576575,826.7285958396251,,
289,14.271345945245244,832.5943401087052,,
290,14.316274841913913,838.4635351404204,,
291,14.361203738582581,844.3361564940451,,
292,14.40613263525125,850.2121832512121,,
293,14.451061531919919,856.0915979371266,,
294,14.495990428588588,861.9743864424809,,
295,14.540919325257256,867.8605379455357,,
296,14.585848221925925,873.7500448349156,,
297,14.630777118594594,879.6429026326832,,
298,14.675706015263263,885.5391099179278,,
299,14.72063491193193,891.4386682508039,,
300,14.765563808600598,897.3415820970722,,
301,14.810492705269267,903.2478587529831,,
302,14.855421601937936,909.1575082707195,,
303,14.900350498606604,915.0705433842477,,
304,14.945279395275273,920.98697943559,,
305,14.990208291943942,926.9068343016143,,
306,15.03513718861261,932.8301283212741,,
307,15.08006608528128,938.7568842232349,,
308,15.124994981949948,944.6871270540387,,
309,15.169923878618617,950.62088410661,,
310,15.214852775287286,956.5581848493557,,
311,15.259781671955954,962.4990608556172,,
312,15.304710568624623,968.4435457336358,,
313,15.349639465293292,974.3916750568669,,
314,15.39456836196196,980.3434862949607,,
315,15.43949725863063,986.2990187448986,,
316,15.484426155299298,992.2583134628612,,
317,15.529355051967967,998.2214131963692,,
318,15.574283948636635,1004.1883623169988,,
319,15.619212845305304,1010.1592067534466,,
320,15.664141741973973,1016.1339939250929,,
321,15.709070638642642,1022.1127726760596,,
322,15.75399953531131,1028.0955932096758,,
323,15.798928431979979,1034.0825070233468,,
324,15.843857328648648,1040.0735668440057,,
325,15.888786225317316,1046.0688265638992,,
326,15.933715121985985,1052.0683411769196,,
327,15.978644018654654,1058.0721667152893,,
328,16.02357291532332,1064.0803601867801,,
329,16.06850181199199,1070.0929795123911,,
330,16.11343070866066,1076.1100834644158,,
331,16.158359605329327,1082.1317316050072,,
332,16.203288501997996,1088.1579842251404,,
333,16.248217398666664,1094.1889022841924,,
334,16.293146295335333,1100.224547349705,,
335,16.338075192004002,1106.2649815378818,,
336,16.38300408867267,1112.3102674543325,,
337,16.42793298534134,1118.360468135429,,
338,16.472861882010008,1124.415646989898,,
339,16.517790778678677,1130.4758677411328,,
340,16.562719675347346,1136.5411943698118,,
341,16.607648572016014,1142.6116910569244,,
342,16.652577468684683,1148.6874221273529,,
343,16.69750636535335,1154.768451993924,,
344,16.74243526202202,1160.854845101726,,
345,16.78736415869069,1166.9466658731862,,
346,16.832293055359358,1173.0439786532288,,
347,16.877221952028027,1179.1468476552936,,
348,16.922150848696695,1185.2553369074694,,
349,16.967079745365364,1191.3695101992225,,
350,17.012008642034033,1197.489431028639,,
351,17.0569375387027,1203.6151625499542,,
352,17.10186643537137,1209.7467675217258,,
353,17.14679533204004,1215.884308255324,,
354,17.191724228708708,1222.027846563894,,
355,17.236653125377376,1228.1774437118465,,
356,17.281582022046045,1234.3331603647048,,
357,17.326510918714714,1240.495056539493,,
358,17.371439815383383,1246.6631915555,,
359,17.41636871205205,1252.8376239856107,,
360,17.46129760872072,1259.01841160787,,
361,17.50622650538939,1265.2056113577955,,
362,17.551155402058058,1271.3992792809322,,
363,17.596084298726726,1277.5994704858413,,
364,17.641013195395395,1283.8062390978039,,
365,17.685942092064064,1290.0196382126405,,
366,17.730870988732732,1296.2397198511926,,
367,17.7757998854014,1302.4665349141897,,
368,17.82072878207007,1308.7001331376696,,
369,17.86565767873874,1314.9405630486463,,
370,17.910586575407404,1321.1878719214174,,
371,17.955515472076073,1327.4421057342652,,
372,18.00044436874474,1333.703309126594,,
373,18.04537326541341,1339.9715253565691,,
374,18.09030216208208,1346.246796259099,,
375,18.135231058750747,1352.529162204405,,
376,18.180159955419416,1358.8186620569932,,
377,18.225088852088085,1365.1153331350533,,
378,18.270017748756754,1371.419211170275,,
379,18.314946645425422,1377.730330268324,,
380,18.35987554209409,1384.048722869472,,
381,18.40480443876276,1390.3744197099322,,
382,18.44973333543143,1396.7074497834064,,
383,18.494662232100097,1403.047840303453,,
384,18.539591128768766,1409.3956166658418,,
385,18.584520025437435,1415.7508024118097,,
386,18.629448922106103,1422.113419191318,,
387,18.674377818774772,1428.4834867272757,,
388,18.71930671544344,1434.861022779779,,
389,18.76423561211211,1441.2460431110403,,
390,18.80916450878078,1447.6385614506462,,
391,18.854093405449447,1454.0385894613673,,
392,18.899022302118116,1460.4461367053618,,
393,18.943951198786785,1466.861210610924,,
394,18.988880095455453,1473.2838164395025,,
395,19.033808992124122,1479.7139572533224,,
396,19.07873788879279,1486.1516338834726,,
397,19.12366678546146,1492.5968448983504,,
398,19.168595682130128,1499.0495865726216,,
399,19.213524578798797,1505.5098528565604,,
400,19.258453475467466,1511.9776353459993,,
401,19.303382372136134,1518.4529232526065,,
402,19.348311268804803,1524.9357033745428,,
403,19.393240165473472,1531.4259600678515,,
404,19.43816906214214,1537.9236752179377,,
405,19.48309795881081,1544.4288282118314,,
406,19.528026855479478,1550.941395910656,,
407,19.572955752148147,1557.461352622794,,
408,19.617884648816815,1563.9886700771704,,
409,19.662813545485484,1570.523317397342,,
410,19.707742442154153,1577.0652610758507,,
411,19.75267133882282,1583.6144649490043,,
412,19.79760023549149,1590.1708901722404,,
413,19.84252913216016,1596.7344951958612,,
414,19.887458028828828,1603.305235741168,,
415,19.932386925497497,1609.8830647772656,,
416,19.977315822166165,1616.4679324979397,,
417,20.022244718834834,1623.0597862994573,,
418,20.067173615503503,1629.6585707584773,,
419,20.11210251217217,1636.2642276104334,,
420,20.15703140884084,1642.8766957286016,,
421,20.20196030550951,1649.4959111034505,,
422,20.246889202178178,1656.1218068223634,,
423,20.291818098846846,1662.7543130500735,,
424,20.336746995515515,1669.393357009295,,
425,20.381675892184184,1676.0388629619074,,
426,20.426604788852853,1682.6907521907006,,
427,20.471533685521518,1689.348942981308,,
428,20.516462582190186,1696.0133506049706,,
429,20.561391478858855,1702.6838873014012,,
430,20.606320375527524,1709.3604622622324,,
431,20.651249272196193,1716.0429816149217,,
432,20.69617816886486,1722.7313484072756,,
433,20.74110706553353,1729.4254625921412,,
434,20.7860359622022,1736.1252210125704,,
435,20.830964858870868,1742.8305173878134,,
436,20.875893755539536,1749.5412422992622,,
437,20.920822652208205,1756.2572831772077,,
438,20.965751548876874,1762.978524287867,,
439,21.010680445545542,1769.704846721007,,
440,21.05560934221421,1776.4361283778226,,
441,21.10053823888288,1783.1722439595278,,
442,21.14546713555155,1789.9130649560057,,
443,21.190396032220217,1796.6584596355633,,
444,21.235324928888886,1803.4082930343238,,
445,21.280253825557555,1810.1624269466802,,
446,21.325182722226224,1816.9207199161856,,
447,21.370111618894892,1823.683027226357,,
448,21.41504051556356,1830.4492008924817,,
449,21.45996941223223,1837.2190896537604,,
450,21.5048983089009,1843.9925389658556,,
451,21.549827205569567,1850.7693909935724,,
452,21.594756102238236,1857.549484604674,,
453,21.639684998906905,1864.3326553635516,,
454,21.684613895575573,1871.1187355256798,,
455,21.729542792244242,1877.907554032291,,
456,21.77447168891291,1884.6989365056606,,
457,21.81940058558158,1891.4927052450612,,
458,21.86432948225025,1898.28867922247,,
459,21.909258378918917,1905.0866740794254,,
460,21.954187275587586,1911.8865021243646,,
461,21.999116172256254,1918.6879723295524,,
462,22.044045068924923,1925.4908903294954,,
463,22.088973965593592,1932.2950584192104,,
464,22.13390286226226,1939.1002755532054,,
465,22.17883175893093,1945.9063373446652,,
466,22.223760655599598,1952.71303606532,,
467,22.268689552268267,1959.5201606457076,,
468,22.313618448936936,1966.3274966758136,,
469,22.358547345605604,1973.1348264062644,,
470,22.403476242274273,1979.9419287498704,,
471,22.44840513894294,1986.7485792837788,,
472,22.49333403561161,1993.5545502518753,,
473,22.53826293228028,2000.3596105678107,,
474,22.583191828948948,2007.1635258184351,,
475,22.628120725617617,2013.966058267596,,
476,22.673049622286285,2020.7669668604458,,
477,22.717978518954954,2027.5660072283017,,
478,22.762907415623623,2034.3629316939432,,
479,22.80783631229229,2041.1574892770104,,
480,22.85276520896096,2047.9494257005235,,
481,22.89769410562963,2054.738483397111,,
482,22.942623002298298,2061.5244015163144,,
483,22.987551898966966,2068.306915931952,,
484,23.03248079563563,2075.085759250035,,
485,23.0774096923043,2081.860660817455,,
486,23.12233858897297,2088.6313467304526,,
487,23.167267485641638,2095.3975398441353,,
488,23.212196382310307,2102.1589597822704,,
489,23.257125278978975,2108.9153229473695,,
490,23.302054175647644,2115.6663425315446,,
491,23.346983072316313,2122.4117285274506,,
492,23.39191196898498,2129.1511877399853,,
493,23.43684086565365,2135.8844237983385,,
494,23.48176976232232,2142.61113716823,,
495,23.526698658990988,2149.3310251652974,,
496,23.571627555659656,2156.043781968091,,
497,23.616556452328325,2162.749098632029,,
498,23.661485348996994,2169.446663103862,,
499,23.706414245665663,2176.136160236284,,
500,23.75134314233433,2182.817271803079,,
501,23.796272039003,2189.489676514956,,
502,23.84120093567167,2196.1530500354374,,
503,23.886129832340337,2202.8070649977553,,
504,23.931058729009006,2209.451391021542,,
505,23.975987625677675,2216.0856947304665,,
506,24.020916522346344,2222.7096397701926,,
507,24.065845419015012,2229.3228868267424,,
508,24.11077431568368,2235.92509364524,,
509,24.15570321235235,2242.5159150491772,,
510,24.20063210902102,2249.0950029604965,,
511,24.245561005689687,2255.6620064193658,,
512,24.290489902358356,2262.2165716049885,,
513,24.335418799027025,2268.7583418568056,,
514,24.380347695695693,2275.286957696003,,
515,24.425276592364362,2281.802056847383,,
516,24.47020548903303,2288.3032742619935,,
517,24.5151343857017,2294.7902421400167,,
518,24.56006328237037,2301.2625899541263,,
519,24.604992179039037,2307.719944473235,,
520,24.649921075707706,2314.1619297868847,,
521,24.694849972376375,2320.5881673299837,,
522,24.739778869045043,2326.9982759079676,,
523,24.784707765713712,2333.3918717222796,,
524,24.82963666238238,2339.7685683967966,,
525,24.87456555905105,2346.1279770040956,,
526,24.919494455719718,2352.4697060924764,,
527,24.964423352388387,2358.7933617136105,,
528,25.009352249057056,2365.098547450306,,
529,25.054281145725724,2371.384864444898,,
530,25.099210042394393,2377.651911427961,,
531,25.144138939063062,2383.899284747803,,
532,25.18906783573173,2390.126578400009,,
533,25.2339967324004,2396.333384057648,,
534,25.278925629069068,2402.5192911019794,,
535,25.323854525737737,2408.68388665339,,
536,25.368783422406405,2414.826755603014,,
537,25.413712319075074,2420.947480644997,,
538,25.458641215743743,2427.0456423083624,,
539,25.50357011241241,2433.1208189903073,,
540,25.54849900908108,2439.1725869895263,,
541,25.593427905749746,2445.2005205399137,,
542,25.638356802418414,2451.204191844906,,
543,25.683285699087083,2457.183171112173,,
544,25.72821459575575,2463.1370265886317,,
545,25.77314349242442,2469.0653245962703,,
546,25.81807238909309,2474.9676295682684,,
547,25.863001285761758,2480.8435040853174,,
548,25.907930182430427,2486.6925089125825,,
549,25.952859079099095,2492.5142030373927,,
550,25.997787975767764,2498.308143706813,,
551,26.042716872436433,2504.073886466499,,
552,26.0876457691051,2509.8109851986765,,
553,26.13257466577377,2515.5189921621886,,
554,26.17750356244244,2521.19745803167,,
555,26.222432459111108,2526.845931938001,,
556,26.267361355779776,2532.463961508819,,
557,26.312290252448445,2538.051092909528,,
558,26.357219149117114,2543.606870884857,,
559,26.402148045785783,2549.130838800741,,
560,26.44707694245445,2554.6225386870456,,
561,26.49200583912312,2560.0815112801165,,
562,26.53693473579179,2565.5072960661446,,
563,26.581863632460458,2570.899431325054,,
564,26.626792529129126,2576.2574541749154,,
565,26.671721425797795,2581.580900616008,,
566,26.716650322466464,2586.869305577008,,
567,26.761579219135132,2592.122202959402,,
568,26.8065081158038,2597.3391256843415,,
569,26.85143701247247,2602.5196057389503,,
570,26.89636590914114,2607.663174223092,,
571,26.941294805809807,2612.7693613971596,,
572,26.986223702478476,2617.837696729456,,
573,27.031152599147145,2622.867708944973,,
574,27.076081495815814,2627.85892607376,,
575,27.121010392484482,2632.810875500664,,
576,27.16593928915315,2637.7230840144284,,
577,27.21086818582182,2642.5950778581564,,
578,27.25579708249049,2647.426382779983,,
579,27.300725979159157,2652.2165240837157,,
580,27.345654875827826,2656.9650266808703,,
581,27.390583772496495,2661.671415142012,,
582,27.435512669165163,2666.3352137497814,,
583,27.480441565833832,2670.955946551515,,
584,27.5253704625025,2675.533137411864,,
585,27.57029935917117,2680.0663100679185,,
586,27.61522825583984,2684.5549881822617,,
587,27.660157152508507,2688.9986953982107,,
588,27.705086049177176,2693.3969553947054,,
589,27.750014945845844,2697.74929194213,,
590,27.794943842514513,2702.0552289578436,,
591,27.839872739183182,2706.3142905633968,,
592,27.88480163585185,2710.526001140849,,
593,27.92973053252052,2714.689885390336,,
594,27.974659429189188,2718.8054683882465,,
595,28.019588325857857,2722.8722756449088,,
596,28.064517222526526,2726.8898331637274,,
597,28.109446119195194,2730.857667500585,,
598,28.15437501586386,2734.7753058228946,,
599,28.199303912532528,2738.642275970279,,
600,28.244232809201197,2742.4581065151096,,
601,28.289161705869866,2746.222326822691,,
602,28.334090602538534,2749.934467114038,,
603,28.379019499207203,2753.594058526821,,
604,28.423948395875872,2757.2006331781113,,
605,28.46887729254454,2760.7537242272183,,
606,28.51380618921321,2764.25286593896,,
607,28.558735085881878,2767.697593747139,,
608,28.603663982550547,2771.087444319356,,
609,28.648592879219215,2774.4219556209237,,
610,28.693521775887884,2777.700666980493,,
611,28.738450672556553,2780.923119155482,,
612,28.78337956922522,2784.088854397759,,
613,28.82830846589389,2787.197416520673,,
614,28.87323736256256,2790.2483509657277,,
615,28.918166259231228,2793.241204869463,,
616,28.963095155899897,2796.175527132141,,
617,29.008024052568565,2799.050868485351,,
618,29.052952949237234,2801.8667815611943,,
619,29.097881845905903,2804.622820961081,,
620,29.14281074257457,2807.3185433256103,,
621,29.18773963924324,2809.9535074045953,,
622,29.23266853591191,2812.527274127696,,
623,29.277597432580578,2815.0394066749677,,
624,29.322526329249246,2817.489470549156,,
625,29.367455225917915,2819.8770336469706,,
626,29.412384122586584,2822.201666331205,,
627,29.457313019255253,2824.4629415045447,,
628,29.50224191592392,2826.6604346818594,,
629,29.54717081259259,2828.793724064216,,
630,29.59209970926126,2830.8623906134117,,
631,29.637028605929927,2832.8660181261903,,
632,29.681957502598596,2834.804193309242,,
633,29.726886399267265,2836.6765058551637,,
634,29.771815295935934,2838.4825485182764,,
635,29.816744192604602,2840.221917190672,,
636,29.86167308927327,2841.894210979978,,
637,29.90660198594194,2843.499032285671,,
638,29.95153088261061,2845.0359868774203,,
639,29.996459779279277,2846.504683973816,,
640,30.041388675947946,2847.9047363199306,,
641,30.086317572616615,2849.235760267441,,
642,30.131246469285283,2850.497375853879,,
643,30.176175365953952,2851.6892068827246,,
644,30.22110426262262,2852.8108810039075,,
645,30.26603315929129,2853.862029794919,,
646,30.31096205595996,2854.8422888419545,,
647,30.355890952628627,2855.7512978222176,,
648,30.400819849297296,2856.5887005858485,,
649,30.445748745965965,2857.3541452389572,,
650,30.490677642634633,2858.04728422686,,
651,30.535606539303302,2858.6677744175495,,
652,30.58053543597197,2859.2152771861247,,
653,30.62546433264064,2859.689458499396,,
654,30.67039322930931,2860.089989000665,,
655,30.715322125977973,2860.4165440953757,,
656,30.760251022646642,2860.66880403738,,
657,30.80517991931531,2860.8464540147643,,
658,30.85010881598398,2860.949184237218,,
659,30.89503771265265,2860.9766900231143,,
660,30.939966609321317,2860.928671887489,,
661,30.984895505989986,2860.8048356300524,,
662,31.029824402658654,2860.6048924238958,,
663,31.074753299327323,2860.328558904871,,
664,31.119682195995992,2859.975557261142,,
665,31.16461109266466,2859.5456153224177,,
666,31.20953998933333,2859.0384666521522,,
667,31.254468886001998,2858.4538506368945,,
668,31.299397782670667,2857.791512578139,,
669,31.344326679339336,2857.0512037848775,,
670,31.389255576008004,2856.232681664983,,
671,31.434184472676673,2855.3357098186343,,
672,31.47911336934534,2854.360058131041,,
673,31.52404226601401,2853.3055028667977,,
674,31.56897116268268,2852.171826762725,,
675,31.613900059351348,2850.9588191244356,,
676,31.658828956020017,2849.6662759194105,,
677,31.703757852688685,2848.293999873563,,
678,31.748686749357354,2846.8418005671074,,
679,31.793615646026023,2845.309494530603,,
680,31.83854454269469,2843.6969053420426,,
681,31.88347343936336,2842.0038637240605,,
682,31.92840233603203,2840.2302076419537,,
683,31.973331232700698,2838.3757824013546,,
684,32.01826012936937,2836.4404407476495,,
685,32.06318902603804,2834.424042964175,,
686,32.108117922706704,2832.3264569728008,,
687,32.153046819375376,2830.1475584330574,,
688,32.19797571604404,2827.887230842952,,
689,32.242904612712714,2825.5453656404816,,
690,32.28783350938138,2823.1218623039267,,
691,32.33276240605005,2820.6166284546443,,
692,32.377691302718716,2818.029579958641,,
693,32.42262019938739,2815.36064102995,,
694,32.467549096056054,2812.6097443333665,,
695,32.512477992724726,2809.776831088292,,
696,32.55740688939339,2806.861851173041,,
697,32.60233578606206,2803.864763228684,,
698,32.64726468273073,2800.7855347652176,,
699,32.6921935793994,2797.624142265874,,
700,32.737122476068066,2794.3805712938147,,
701,32.78205137273674,2791.0548165981263,,
702,32.826980269405404,2787.6468822206907,,
703,32.871909166074076,2784.1567816038105,,
704,32.91683806274274,2780.584537697602,,
705,32.96176695941141,2776.930183068088,,
706,33.00669585608008,2773.19376000616,,
707,33.05162475274875,2769.375320636488,,
708,33.096553649417416,2765.474927027298,,
709,33.14148254608609,2761.4926512996853,,
710,33.18641144275475,2757.428575739551,,
711,33.231340339423426,2753.282792906447,,
712,33.27626923609209,2749.055405746675,,
713,33.321198132760756,2744.746527704522,,
714,33.36612702942943,2740.3562828343083,,
715,33.41105592609809,2735.8848059130787,,
716,33.455984822766766,2731.332242554515,,
717,33.50091371943543,2726.6987493216247,,
718,33.5458426161041,2721.984493841471,,
719,33.59077151277277,2717.189654919198,,
720,33.63570040944144,2712.314422653867,,
721,33.680629306110106,2707.358998553008,,
722,33.72555820277878,2702.323595648976,,
723,33.77048709944744,2697.2084386147862,,
724,33.815415996116116,2692.0137638820406,,
725,33.86034489278478,2686.739819757345,,
726,33.90527378945345,2681.3868665395376,,
727,33.95020268612212,2675.9551766392497,,
728,33.99513158279079,2670.445034696716,,
729,34.040060479459456,2664.8567376999954,,
730,34.08498937612813,2659.1905951066246,,
731,34.12991827279679,2653.4469289616636,,
732,34.174847169465465,2647.6260740191747,,
733,34.21977606613413,2641.7283778624214,,
734,34.2647049628028,2635.754201026163,,
735,34.30963385947147,2629.703917117261,,
736,34.35456275614014,2623.5779129381363,,
737,34.399491652808805,2617.3765886083665,,
738,34.44442054947748,2611.1003576887842,,
739,34.48934944614614,2604.749647304353,,
740,34.53427834281481,2598.3248982688483,,
741,34.57920723948348,2591.8265652086657,,
742,34.624136136152146,2585.2551166884905,,
743,34.66906503282082,2578.6110353366776,,
744,34.71399392948948,2571.8948179704557,,
745,34.758922826158155,2565.1069757227624,,
746,34.80385172282682,2558.248034169311,,
747,34.84878061949549,2551.3185334551335,,
748,34.89370951616416,2544.3190284226976,,
749,34.93863841283283,2537.2500887401357,,
750,34.983567309501495,2530.112299029769,,
751,35.02849620617017,2522.906258996397,,
752,35.07342510283883,2515.632583558555,,
753,35.118353999507505,2508.29190297663,,
754,35.16328289617617,2500.884862984817,,
755,35.20821179284484,2493.41212492005,,
756,35.25314068951351,2485.8743658558187,,
757,35.29806958618218,2478.2722787317425,,
758,35.342998482850845,2470.6065724870377,,
759,35.38792737951952,2462.877972193174,,
760,35.43285627618818,2455.0872191860644,,
761,35.477785172856855,2447.2350712007565,,
762,35.52271406952552,2439.3223025046127,,
763,35.56764296619419,2431.3497040327593,,
764,35.61257186286286,2423.3180835219637,,
765,35.65750075953153,2415.2282656468988,,
766,35.702429656200195,2407.0810921557086,,
767,35.74735855286887,2398.8774220058067,,
768,35.79228744953753,2390.6181315015956,,
769,35.837216346206205,2382.3041144312547,,
770,35.88214524287487,2373.936282203761,,
771,35.92707413954354,2365.515563988355,,
772,35.97200303621221,2357.042906851969,,
773,36.01693193288088,2348.5192758984585,,
774,36.061860829549545,2339.945654408769,,
775,36.10678972621822,2331.323043980631,,
776,36.15171862288688,2322.6524646676216,,
777,36.196647519555555,2313.934955122585,,
778,36.24157641622422,2305.171572736227,,
779,36.28650531289289,2296.3633937809454,,
780,36.33143420956156,2287.5115135516344,,
781,36.37636310623023,2278.617046509632,,
782,36.421292002898895,2269.6811264243397,,
783,36.46622089956757,2260.704906517868,,
784,36.51114979623623,2251.689559609217,,
785,36.556078692904904,2242.636278257817,,
786,36.60100758957357,2233.546274909105,,
787,36.64593648624224,2224.4207820395777,,
788,36.69086538291091,2215.261052303128,,
789,36.73579427957958,2206.0683586767364,,
790,36.780723176248244,2196.8439946076205,,
791,36.82565207291692,2187.589274160501,,
792,36.87058096958558,2178.3055321646343,,
793,36.915509866254254,2168.994124362648,,
794,36.96043876292292,2159.65642755874,,
795,37.00536765959159,2150.293839767396,,
796,37.05029655626026,2140.907780364093,,
797,37.09522545292892,2131.499690233434,,
798,37.140154349597594,2122.071031920491,,
799,37.18508324626626,2112.6232897823747,,
800,37.23001214293493,2103.1579701375404,,
801,37.2749410396036,2093.6766014196864,,
802,37.31986993627227,2084.1807343282226,,
803,37.364798832940934,2074.671941982345,,
804,37.40972772960961,2065.151820072201,,
805,37.45465662627827,2055.621987015237,,
806,37.499585522946944,2046.0840841074778,,
807,37.54451441961561,2036.5397756791745,,
808,37.58944331628428,2026.9907492501034,,
809,37.63437221295295,2017.4387156845141,,
810,37.67930110962162,2007.8854093460204,,
811,37.724230006290284,1998.3325882560994,,
812,37.76915890295896,1988.7820342482255,,
813,37.81408779962762,1979.235553127185,,
814,37.859016696296294,1969.6949748250145,,
815,37.90394559296496,1960.16215356078,,
816,37.94887448963363,1950.6389679977392,,
817,37.9938033863023,1941.1273214024213,,
818,38.03873228297097,1931.6291418051069,,
819,38.083661179639634,1922.1463821588504,,
820,38.128590076308306,1912.6810205003667,,
821,38.17351897297697,1903.235060109636,,
822,38.218447869645644,1893.8105296731183,,
823,38.26337676631431,1884.4094834432426,,
824,38.30830566298298,1875.0340014034837,,
825,38.353234559651646,1865.6861894272688,,
826,38.39816345632032,1856.3681794441027,,
827,38.443092352988984,1847.0821296020831,,
828,38.488021249657656,1837.830224431581,,
829,38.53295014632632,1828.6146750093858,,
830,38.577879042994994,1819.4377191249469,,
831,38.62280793966366,1810.3016214444024,,
832,38.66773683633233,1801.2086736768206,,
833,38.712665733000996,1792.1611947410229,,
834,38.75759462966967,1783.1615309306608,,
835,38.802523526338334,1774.212056083251,,
836,38.847452423007006,1765.315171747231,,
837,38.89238131967567,1756.4733073488997,,
838,38.93731021634434,1747.688920362266,,
839,38.98223911301301,1738.9644964779682,,
840,39.02716800968168,1730.302549771378,,
841,39.072096906350346,1721.7056228738466,,
842,39.11702580301902,1713.1762871429046,,
843,39.16195469968768,1704.717142832228,,
844,39.206883596356356,1696.3308192633513,,
845,39.25181249302502,1688.0199749974954,,
846,39.29674138969369,1679.78729800798,,
847,39.34167028636236,1671.6355058517029,,
848,39.38659918303103,1663.5673458431802,,
849,39.431528079699696,1655.585595228239,,
850,39.47645697636837,1647.6930613568938,,
851,39.52138587303703,1639.8925818584348,,
852,39.566314769705706,1632.1870248169826,,
853,39.61124366637437,1624.5792889451795,,
854,39.656172563043036,1617.072303761025,,
855,39.70110145971171,1609.6690297645937,,
856,39.74603035638037,1602.3724586131239,,
857,39.790959253049046,1595.1856132997154,,
858,39.83588814971771,1588.1115483301646,,
859,39.88081704638638,1581.1533499008465,,
860,39.92574594305505,1574.3141360778782,,
861,39.97067483972372,1567.5970569755837,,
862,40.015603736392386,1561.005294935424,,
863,40.06053263306106,1554.5420647073724,,
864,40.10546152972972,1548.21061362803,,
865,40.150390426398396,1542.0142218043284,,
866,40.19531932306706,1535.9562022914133,,
867,40.24024821973573,1530.039901276813,,
868,40.2851771164044,1524.2686982615805,,
869,40.33010601307307,1518.6460062426004,,
870,40.375034909741736,1513.1752718960588,,
871,40.41996380641041,1507.8599757618458,,
872,40.46489270307907,1502.7036324252795,,
873,40.509821599747745,1497.7097907027883,,
874,40.55475049641641,1492.8820338278265,,
875,40.59967939308508,1488.2239796337626,,
876,40.64460828975375,1483.73928074189,,
877,40.68953718642242,1479.4316247459456,,
878,40.734466083091085,1475.3047343997705,,
879,40.77939497975976,1471.3623678041577,,
880,40.82432387642842,1467.608318594629,,
881,40.869252773097095,1464.0464161288646,,
882,40.91418166976576,1460.6805256748294,,
883,40.95911056643443,1457.5145486021602,,
884,41.0040394631031,1454.552422568081,,
885,41.04896835977177,1451.798121710187,,
886,41.093897256440435,1449.2556568344544,,
887,41.13882615310911,1446.9290756077926,,
888,41.18375504977777,1444.822462748266,,
889,41.228683946446445,1442.9399402161316,,
890,41.27361284311511,1441.285667408486,,
891,41.31854173978378,1439.8638413482067,,
892,41.36347063645245,1438.6786968801125,,
893,41.40839953312112,1437.73450686235,,
894,41.453328429789785,1437.035582361622,,
895,41.49825732645846,1436.5862728465536,,
896,41.54318622312712,1436.3909663837358,,
897,41.588115119795795,1436.4540898315563,,
898,41.63304401646446,1436.7801090368257,,
899,41.67797291313313,1437.3735290311697,,
900,41.7229018098018,1438.2388942269563,,
901,41.76783070647047,1439.3807886140376,,
902,41.812759603139135,1440.8038359596349,,
903,41.85768849980781,1442.512700002403,,
904,41.90261739647647,1444.5120846558084,,
905,41.947546293145145,1446.806734201843,,
906,41.99247518981381,1449.4014334942867,,
907,42.03740408648248,1452.3010081576604,,
908,42.08233298315115,1455.5103247850157,,
909,42.12726187981982,1459.0342911423604,,
910,42.172190776488485,1462.8778563672631,,
911,42.21711967315715,1467.0460111719976,,
912,42.26204856982582,1471.5437880436612,,
913,42.30697746649449,1476.3762614495308,,
914,42.35190636316316,1481.5485480370653,,
915,42.396835259831825,1487.065806839727,,
916,42.4417641565005,1492.933239479894,,
917,42.48669305316916,1499.1560903727031,,
918,42.531621949837835,1505.7396469315236,,
919,42.5765508465065,1512.689239773429,,
920,42.62147974317517,1520.0102429239732,,
921,42.66640863984384,1527.7080740242918,,
922,42.71133753651251,1535.7881945377403,,
923,42.756266433181175,1544.2561099558325,,
924,42.80119532984985,1553.1173700068566,,
925,42.84612422651851,1562.3775688635606,,
926,42.891053123187184,1572.042345351535,,
927,42.93598201985585,1582.1173831580627,,
928,42.98091091652452,1592.6084110407346,,
929,43.02583981319319,1603.5212030396751,,
930,43.07076870986186,1614.8615786846449,,
931,43.115697606530524,1626.6354032077315,,
932,43.1606265031992,1638.8485877534795,,
933,43.20555539986786,1651.5070895920462,,
934,43.250484296536534,1664.6169123288664,,
935,43.2954131932052,1678.1841061199038,,
936,43.34034208987387,1692.2147678818974,,
937,43.38527098654254,1706.715041508195,,
938,43.43019988321121,1721.691118080048,,
939,43.475128779879874,1737.1492360844231,,
940,43.52005767654855,1753.0956816247153,,
941,43.56498657321721,1769.5367886397244,,
942,43.609915469885884,1786.478939116928,,
943,43.65484436655455,1803.9285633087811,,
944,43.69977326322322,1821.8921399513447,,
945,43.74470215989189,1840.3761964783725,,
946,43.78963105656056,1859.3873092406384,,
947,43.834559953229224,1878.9321037243308,,
948,43.879488849897896,1899.0172547682841,,
949,43.92441774656656,1919.6494867830725,,
950,43.969346643235234,1940.8355739705685,,
951,44.0142755399039,1962.582340543503,,
952,44.05920443657257,1984.8966609456065,,
953,44.104133333241236,2007.785460074544,,
954,44.14906222990991,2031.255713497866,,
955,44.193991126578574,2055.3144476799016,,
956,44.238920023247246,2079.968740200503,,
957,44.28384891991591,2105.225719979727,,
958,44.328777816584584,2131.0925674986747,,
959,44.37370671325325,2157.576515024756,,
960,44.41863560992192,2184.684846834042,,
961,44.463564506590586,2212.424899436878,,
962,44.50849340325926,2240.8040618020996,,
963,44.553422299927924,2269.8297755810154,,
964,44.598351196596596,2299.509535335116,,
965,44.64328009326526,2329.8508887612215,,
966,44.68820898993393,2360.861436918257,,
967,44.7331378866026,2392.548834453798,,
968,44.778066783271264,2424.920789832594,,
969,44.822995679939936,2457.985065562413,,
970,44.8679245766086,2491.749478425244,,
971,44.91285347327727,2526.221899703257,,
972,44.95778236994594,2561.410255411868,,
973,45.00271126661461,2597.3225265253523,,
974,45.047640163283276,2633.9667492082763,,
975,45.09256905995195,2671.351015049261,,
976,45.137497956620614,2709.483471286944,,
977,45.182426853289286,2748.372321045953,,
978,45.22735574995795,2788.0258235661267,,
979,45.27228464662662,2828.452294436861,,
980,45.31721354329529,2869.6601058281913,,
981,45.36214243996396,2911.6576867264184,,
982,45.407071336632626,2954.453523165542,,
983,45.4520002333013,2998.056158462651,,
984,45.49692912996996,3042.4741934535514,,
985,45.541858026638636,3087.7162867266406,,
986,45.5867869233073,3133.791154858768,,
987,45.63171581997597,3180.7075726526045,,
988,45.67664471664464,3228.474373370288,,
989,45.72157361331331,3277.1004489740544,,
990,45.766502509981976,3326.5947503609304,,
991,45.81143140665065,3376.9662876019675,,
992,45.85636030331931,3428.2241301811255,,
993,45.901289199987986,3480.3774072318292,,
994,45.94621809665665,3533.4353077778314,,
995,45.99114699332532,3587.407080974309,,
996,46.03607588999399,3642.3020363450005,,
997,46.08100478666266,3698.1295440244676,,
998,46.125933683331326,3754.899035000354,,
999,46.17086258,3812.6200013520383,,
