,year,yearCode,country,countryCode,gini,govExpEdu,gdpGrowth,gdpPC
5,2000,YR2000,Angola,AGO,52.0,2.607530117,3.054624234,4727.966314
7,2000,YR2000,Argentina,ARG,51.1,4.5803098680000005,-0.7889989390000001,18625.28355
11,2000,YR2000,Austria,AUT,28.8,5.588809967,3.375722147,46403.2777
15,2000,YR2000,Bangladesh,BGD,33.4,2.125080109,5.293294718,1937.7291920000002
17,2000,YR2000,Belarus,BLR,31.2,6.196619987,5.80000344,8053.173637999999
35,2000,YR2000,Canada,CAN,33.3,5.423319817,4.917762744,37194.3956
40,2000,YR2000,Chile,CHL,52.8,3.77583003,5.326938419,15638.00094
42,2000,YR2000,Colombia,COL,58.7,3.511209965,2.924861483,9042.662790999999
46,2000,YR2000,Costa Rica,CRI,47.4,4.666950226,3.868718088,12624.07057
53,2000,YR2000,Denmark,DNK,23.8,8.084340096,3.746862595,48907.0114
56,2000,YR2000,Dominican Republic,DOM,51.5,1.8882900480000002,4.66176228,9322.139196
57,2000,YR2000,Ecuador,ECU,56.4,1.1509300470000001,1.091801564,8176.344448000001
59,2000,YR2000,El Salvador,SLV,51.5,2.838680029,1.12605705,6548.63137
63,2000,YR2000,Eswatini,SWZ,53.1,5.508480072,1.76017376,5579.1365590000005
67,2000,YR2000,Finland,FIN,27.2,5.7093000410000005,5.773362457999999,39894.19446
72,2000,YR2000,Georgia,GEO,40.5,2.1810500619999997,1.838341066,4919.231879999999
76,2000,YR2000,Greece,GRC,34.2,3.2301900389999996,3.9197707939999997,29186.32455
93,2000,YR2000,Ireland,IRL,33.0,4.1358900069999995,9.399418006,47996.98229
96,2000,YR2000,Italy,ITA,35.3,4.291079998,3.786955143,43053.93306
107,2000,YR2000,Kyrgyz Republic,KGZ,31.0,3.50838995,5.4433366329999995,3078.909252
127,2000,YR2000,Mexico,MEX,52.6,3.992439985,4.942453715,17756.566469999998
129,2000,YR2000,Moldova,MDA,36.4,4.486390114,2.107716048,5074.377064
147,2000,YR2000,Norway,NOR,27.4,6.467269897,3.204979222,57127.39975
151,2000,YR2000,Panama,PAN,56.6,4.759689808,2.715374155,14507.79597
154,2000,YR2000,Peru,PER,49.1,3.2280299660000003,2.694371398,6422.480568
155,2000,YR2000,Philippines,PHL,47.7,3.164400101,4.411222158999999,4453.7566719999995
161,2000,YR2000,Russian Federation,RUS,37.1,2.93979001,10.00006682,14569.936580000001
162,2000,YR2000,Rwanda,RWA,48.5,3.436359882,8.37091824,867.6151907
177,2000,YR2000,South Africa,ZAF,57.8,5.443580151,4.200003476,10088.85225
179,2000,YR2000,Spain,ESP,34.3,4.166049957,5.24599468,34757.61502
187,2000,YR2000,Sweden,SWE,27.2,6.740149975,4.766348871,40625.36205
188,2000,YR2000,Switzerland,CHE,33.4,4.648369789,3.9764092339999997,59389.424060000005
192,2000,YR2000,Thailand,THA,42.8,5.25345993,4.455247043,9809.622370000001
195,2000,YR2000,Tonga,TON,37.7,4.8780798910000005,0.8759900629999999,5034.415166
197,2000,YR2000,Tunisia,TUN,40.8,6.201960087000001,4.709972903,7329.345126
205,2000,YR2000,United Kingdom,GBR,38.4,4.031730175,3.506217426,38280.80027
207,2000,YR2000,Uruguay,URY,42.9,2.4225499630000003,-1.929930638,14482.75455
224,2001,YR2001,Argentina,ARG,53.3,4.8337402339999995,-4.408839683,17610.755390000002
225,2001,YR2001,Armenia,ARM,35.4,2.469439983,9.599999999,4464.3858310000005
229,2001,YR2001,Azerbaijan,AZE,36.5,3.503420115,9.90000013,4431.289873
243,2001,YR2001,Brazil,BRA,58.4,3.8446800710000004,1.389896403,11602.4996
251,2001,YR2001,Cameroon,CMR,42.1,2.424180031,4.368084242,2795.872001
259,2001,YR2001,Colombia,COL,57.5,3.7086799139999997,1.677898308,9051.414235
263,2001,YR2001,Costa Rica,CRI,51.5,4.832029819,3.491169873,12832.57368
273,2001,YR2001,Dominican Republic,DOM,50.0,1.9678299430000001,2.459516368,9410.032484000001
289,2001,YR2001,Georgia,GEO,39.6,2.137500048,4.805453273,5236.222806000001
307,2001,YR2001,Indonesia,IDN,29.0,2.460030079,3.6434664469999998,5816.425412
312,2001,YR2001,Israel,ISR,38.9,6.362279892,0.099450952,30715.58046
324,2001,YR2001,Kyrgyz Republic,KGZ,30.2,3.854180098,5.321621422,3212.133547
335,2001,YR2001,Madagascar,MDG,47.4,2.70720005,5.980235764,1658.935602
339,2001,YR2001,Mali,MLI,39.9,2.6584498880000003,15.37623946,1823.840688
346,2001,YR2001,Moldova,MDA,38.0,4.846849918,6.100000412999999,5395.967328
368,2001,YR2001,Panama,PAN,56.7,4.105879784,0.5742727910000001,14311.02288
370,2001,YR2001,Paraguay,PRY,54.6,3.833570004,-0.834054717,8295.067442
371,2001,YR2001,Peru,PER,51.3,3.0371201039999995,0.617892326,6380.337664
378,2001,YR2001,Russian Federation,RUS,36.9,3.1060199739999996,5.100051225,15378.089740000001
384,2001,YR2001,Senegal,SEN,41.2,2.459490061,4.310851466,2642.6861440000002
422,2001,YR2001,United Kingdom,GBR,37.3,4.118299961,2.7303356510000003,39174.89002
424,2001,YR2001,Uruguay,URY,45.0,2.800960064,-3.8441299489999996,13901.99391
435,2002,YR2002,Albania,ALB,31.7,3.117799997,4.53996064,6754.536003
441,2002,YR2002,Argentina,ARG,53.8,4.017340183,-10.89448483,15523.03878
442,2002,YR2002,Armenia,ARM,34.8,2.135040045,13.2,5081.518558
446,2002,YR2002,Azerbaijan,AZE,25.3,3.154459953,9.438916342,4813.504185
460,2002,YR2002,Brazil,BRA,58.1,3.750370026,3.053461858,11800.840970000001
476,2002,YR2002,Colombia,COL,56.0,4.268129826,2.503980466,9137.464303
480,2002,YR2002,Costa Rica,CRI,51.8,5.150440216000001,3.41687639,13054.71918
481,2002,YR2002,Cote d'Ivoire,CIV,41.3,4.090330123999999,-1.6676421380000002,3848.776086
486,2002,YR2002,Czech Republic,CZE,26.6,3.95878005,1.569855328,26289.62614
490,2002,YR2002,Dominican Republic,DOM,49.7,1.9140100480000002,4.495103403,9690.598875
493,2002,YR2002,El Salvador,SLV,51.9,3.242840052,1.580862265,6626.992996
500,2002,YR2002,Fiji,FJI,38.1,6.275869846,3.1999991139999997,10027.45488
506,2002,YR2002,Georgia,GEO,37.2,2.2350199219999998,5.473836801,5572.6220060000005
515,2002,YR2002,Guinea,GIN,43.0,2.593869925,5.164609466,1783.8499960000001
524,2002,YR2002,Indonesia,IDN,31.7,2.6456899640000002,4.499475391,5996.189946
527,2002,YR2002,Ireland,IRL,32.3,4.106140137,5.896231721,51797.42503
531,2002,YR2002,Jamaica,JAM,48.3,5.375229836,1.997290944,9522.531756
534,2002,YR2002,Kazakhstan,KAZ,34.8,3.0297000410000003,9.8,12827.23108
541,2002,YR2002,Kyrgyz Republic,KGZ,30.3,4.445459843,-0.017324601999999998,3182.232895
542,2002,YR2002,Lao PDR,LAO,32.6,2.8252201080000003,5.918743682000001,3106.008562
545,2002,YR2002,Lesotho,LSO,51.6,10.10044956,0.7238359609999999,1760.601425
555,2002,YR2002,Maldives,MDV,41.3,5.7918601039999995,7.268386313,13072.483
561,2002,YR2002,Mexico,MEX,50.1,4.454959869,-0.039844481,17193.56108
563,2002,YR2002,Moldova,MDA,35.8,5.497910022999999,7.799999641,5830.339126
565,2002,YR2002,Mongolia,MNG,32.9,7.210780144,4.732978465,4791.737889
585,2002,YR2002,Panama,PAN,56.1,4.1916399,2.229149417,14353.370319999998
587,2002,YR2002,Paraguay,PRY,57.3,3.407730103,-0.021404395,8138.104853
588,2002,YR2002,Peru,PER,53.6,2.820569992,5.453528938,6653.395098
595,2002,YR2002,Russian Federation,RUS,37.3,3.835020065,4.6999919089999995,16175.0972
597,2002,YR2002,Samoa,WSM,40.7,3.8413898939999997,4.343996108,5306.899332
622,2002,YR2002,Switzerland,CHE,31.7,5.164219856,-0.0055064630000000005,59489.748060000005
626,2002,YR2002,Thailand,THA,41.9,3.8649199010000004,6.1490360520000005,10583.761859999999
632,2002,YR2002,Turkey,TUR,41.4,2.728060007,6.447722047,15031.22298
637,2002,YR2002,Ukraine,UKR,29.0,5.438630104,5.24934062,8467.795992
639,2002,YR2002,United Kingdom,GBR,35.1,4.643370152,2.1787443680000003,39859.31381
641,2002,YR2002,Uruguay,URY,45.5,2.32220006,-7.7320072060000005,12824.87321
658,2003,YR2003,Argentina,ARG,50.9,3.535049915,8.837040796,16714.670130000002
659,2003,YR2003,Armenia,ARM,33.0,2.145040035,14.0,5823.716093
662,2003,YR2003,Austria,AUT,29.5,5.361830235,0.941470921,47564.8639
663,2003,YR2003,Azerbaijan,AZE,26.8,3.2861499789999997,10.20830001,5264.840526
671,2003,YR2003,Benin,BEN,38.6,2.283159971,3.4435767760000005,2579.697807
691,2003,YR2003,Chile,CHL,51.5,3.9634599689999996,4.091047685,16782.93882
693,2003,YR2003,Colombia,COL,53.6,4.325139999,3.9182719039999996,9356.209684
697,2003,YR2003,Costa Rica,CRI,49.3,5.1337399480000006,4.317179866,13411.8483
704,2003,YR2003,Denmark,DNK,25.6,8.121930122,0.390058556,49262.64497
707,2003,YR2003,Dominican Republic,DOM,52.1,1.84465003,-1.345706185,9424.795253
710,2003,YR2003,El Salvador,SLV,50.5,3.1346700189999996,1.5622310819999998,6694.662204
713,2003,YR2003,Estonia,EST,37.2,5.271170139,7.600266336000001,22050.088480000002
718,2003,YR2003,Finland,FIN,27.7,6.167439937999999,2.003784203,42168.69347
722,2003,YR2003,"Gambia, The",GMB,47.3,1.363379955,6.869999622000001,2257.2778350000003
723,2003,YR2003,Georgia,GEO,36.7,2.065599918,11.05872319,6230.821909
727,2003,YR2003,Greece,GRC,32.8,3.429339886,5.794531642999999,33040.7683
739,2003,YR2003,Iceland,ISL,26.8,7.245079994,2.142688379,43095.35686
741,2003,YR2003,Indonesia,IDN,31.9,3.217999935,4.780369122,6198.653268
744,2003,YR2003,Ireland,IRL,32.9,4.206180096000001,3.009584321,52494.20477
747,2003,YR2003,Italy,ITA,34.9,4.541790009,0.138626891,43781.21998
758,2003,YR2003,Kyrgyz Republic,KGZ,28.7,4.4754199980000005,7.030293201,3370.4301990000004
771,2003,YR2003,Malaysia,MYS,46.4,7.502880096,5.788499286,16751.40714
780,2003,YR2003,Moldova,MDA,34.9,5.424890041,6.600000037999999,6232.667047999999
787,2003,YR2003,Namibia,NAM,63.3,6.137139797000001,4.239794289,7182.307342
789,2003,YR2003,Nepal,NPL,43.8,3.11435008,3.945037767,2163.018278
798,2003,YR2003,Norway,NOR,27.6,7.416359901,0.910105664,58728.17524
802,2003,YR2003,Panama,PAN,55.7,4.168700218,4.205495945,14677.99624
804,2003,YR2003,Paraguay,PRY,54.9,3.382760048,4.320745486,8337.472158
805,2003,YR2003,Peru,PER,53.1,2.9377999310000003,4.1650231369999995,6861.830618999999
806,2003,YR2003,Philippines,PHL,46.6,2.9351799489999997,5.086911135,4697.48565
808,2003,YR2003,Portugal,PRT,38.8,5.281529903,-0.930521193,30422.602030000002
812,2003,YR2003,Russian Federation,RUS,40.0,3.678539991,7.299952345,17434.80814
821,2003,YR2003,Sierra Leone,SLE,40.2,3.260610104,9.313120969,1213.020006
830,2003,YR2003,Spain,ESP,31.8,4.1734299660000005,2.9818948360000004,36750.44185
838,2003,YR2003,Sweden,SWE,25.3,6.791429996000001,2.30981059,42678.284139999996
841,2003,YR2003,Tajikistan,TJK,32.7,2.4207899569999998,10.99999908,1696.8248620000002
849,2003,YR2003,Turkey,TUR,42.2,2.851310015,5.7632060670000005,15670.417630000002
854,2003,YR2003,Ukraine,UKR,28.7,5.607860088,9.515923065,9349.134688
856,2003,YR2003,United Kingdom,GBR,35.1,4.816520214,3.321881725,40992.07204
858,2003,YR2003,Uruguay,URY,45.0,2.068209887,0.805283915,12937.426870000001
875,2004,YR2004,Argentina,ARG,48.4,3.486520052,9.029573301000001,18032.61143
876,2004,YR2004,Armenia,ARM,37.5,2.486730099,10.5,6472.141999
879,2004,YR2004,Austria,AUT,29.8,5.302430153,2.735120222,48563.58866
880,2004,YR2004,Azerbaijan,AZE,26.6,3.447700024,9.253801326,5701.9032640000005
885,2004,YR2004,Belarus,BLR,26.5,5.712259769,11.44974311,10839.95627
894,2004,YR2004,Brazil,BRA,56.5,3.974479914,5.759964639,12316.374259999999
910,2004,YR2004,Colombia,COL,55.0,4.079349995,5.333022067,9716.499107
914,2004,YR2004,Costa Rica,CRI,48.3,4.890629768,4.424599597,13802.728680000002
919,2004,YR2004,Cyprus,CYP,30.1,6.117720127,5.026343926,36576.87309
920,2004,YR2004,Czech Republic,CZE,27.5,3.9923899169999997,4.814261001,28542.25482
921,2004,YR2004,Denmark,DNK,24.9,8.207630157,2.668219267,50446.5416
926,2004,YR2004,"Egypt, Arab Rep.",EGY,31.8,4.6707201,4.092071612,8184.065807999999
930,2004,YR2004,Estonia,EST,33.6,4.877349853999999,6.80400699,23691.58871
935,2004,YR2004,Finland,FIN,27.9,6.157579899,3.99209129,43724.96612
940,2004,YR2004,Georgia,GEO,36.2,2.914200068,5.794496346,6632.814265
944,2004,YR2004,Greece,GRC,33.6,3.667190075,5.060992425,34627.18067
955,2004,YR2004,Hungary,HUN,29.9,5.335859776,4.822853473,23317.86912
956,2004,YR2004,Iceland,ISL,28.0,7.161180019,7.802399508,46051.74389
957,2004,YR2004,India,IND,34.4,3.3525400160000003,7.922936612999999,3054.918876
958,2004,YR2004,Indonesia,IDN,32.7,2.748470068,5.030873945,6423.720714
961,2004,YR2004,Ireland,IRL,33.6,4.48499012,6.7858728170000004,55040.820170000006
964,2004,YR2004,Italy,ITA,34.3,4.3852000239999995,1.4235941580000002,44118.03664
965,2004,YR2004,Jamaica,JAM,45.5,3.912549973,1.3237251,9884.23511
968,2004,YR2004,Kazakhstan,KAZ,31.8,2.25590992,9.600000001,15208.44025
975,2004,YR2004,Kyrgyz Republic,KGZ,34.8,4.622439861,7.026812415,3563.875363
977,2004,YR2004,Latvia,LVA,36.4,4.84540987,8.501267505,18025.7035
983,2004,YR2004,Lithuania,LTU,37.0,5.174280167,6.569490117999999,19226.469269999998
993,2004,YR2004,Mauritania,MRT,40.2,1.950799942,4.732757925,4395.5234789999995
995,2004,YR2004,Mexico,MEX,50.0,4.726709843,3.92059081,17635.24685
997,2004,YR2004,Moldova,MDA,35.0,6.771039963,7.39999969,6710.469121
1007,2004,YR2004,Netherlands,NLD,29.8,5.062970161,1.984945714,48586.70462
1015,2004,YR2004,Norway,NOR,31.6,7.2982702260000005,3.96941456,60699.58545
1017,2004,YR2004,Pakistan,PAK,32.5,1.767590046,7.546860015,3560.8118409999997
1019,2004,YR2004,Panama,PAN,54.8,3.578660011,7.522079657999999,15491.00201
1021,2004,YR2004,Paraguay,PRY,52.3,2.8698999880000002,4.057418364,8528.03793
1022,2004,YR2004,Peru,PER,49.9,2.957870007,4.958203206,7136.3515609999995
1024,2004,YR2004,Poland,POL,38.0,5.355579853,4.982822123,18287.82793
1025,2004,YR2004,Portugal,PRT,38.9,5.046380043,1.7887356819999998,30892.819880000003
1029,2004,YR2004,Russian Federation,RUS,40.3,3.547869921,7.19994787,18765.51856
1041,2004,YR2004,Slovak Republic,SVK,27.1,4.101570129,5.278879991,18827.29975
1042,2004,YR2004,Slovenia,SVN,24.8,5.64425993,4.359192778,30041.81457
1047,2004,YR2004,Spain,ESP,33.3,4.157859802,3.122795242,37249.77351
1055,2004,YR2004,Sweden,SWE,26.1,6.663109779,4.3368561539999995,44354.39106
1058,2004,YR2004,Tajikistan,TJK,33.6,2.772030115,10.29999894,1837.6511699999999
1060,2004,YR2004,Thailand,THA,42.5,4.030889988,6.289342143,11886.32462
1066,2004,YR2004,Turkey,TUR,41.3,2.9899899960000003,9.795936389,16968.87361
1071,2004,YR2004,Ukraine,UKR,28.9,5.313509941,12.10876949,10561.00953
1073,2004,YR2004,United Kingdom,GBR,36.0,4.743639946,2.286278175,41691.3885
1075,2004,YR2004,Uruguay,URY,45.9,2.499540091,5.004160334,13593.73217
1083,2004,YR2004,Zambia,ZMB,54.3,2.463429928,7.032395115,2261.766733
1086,2005,YR2005,Albania,ALB,30.6,3.2815499310000003,5.529914809,8040.8787170000005
1092,2005,YR2005,Argentina,ARG,47.7,3.860009909,8.85165992,19426.44014
1093,2005,YR2005,Armenia,ARM,36.0,2.712029934,13.9,7419.871190000001
1096,2005,YR2005,Austria,AUT,28.7,5.249370098,2.244065325,49316.2647
1097,2005,YR2005,Azerbaijan,AZE,26.6,2.9746201039999995,27.96153807,7222.036075
1102,2005,YR2005,Belarus,BLR,27.6,5.871029854,9.400001524,11940.1866
1103,2005,YR2005,Belgium,BEL,29.3,5.795859814,2.321737054,46341.289639999995
1111,2005,YR2005,Brazil,BRA,56.3,4.4790802,3.20213138,12565.94139
1127,2005,YR2005,Colombia,COL,53.9,4.020989895,4.828761108,10049.12618
1130,2005,YR2005,"Congo, Rep.",COG,47.3,1.681020021,7.755758977999999,4638.193948
1136,2005,YR2005,Cyprus,CYP,30.3,6.286670207999999,4.853003838,37803.57553
1137,2005,YR2005,Czech Republic,CZE,26.9,3.865910053,6.60161753,30384.44665
1138,2005,YR2005,Denmark,DNK,25.2,8.085570335,2.336641308,51483.27379
1144,2005,YR2005,El Salvador,SLV,48.5,3.177850008,2.7074677680000003,6870.629839
1147,2005,YR2005,Estonia,EST,33.4,4.8131599430000005,9.524412641,26096.98834
1152,2005,YR2005,Finland,FIN,27.6,6.02507019,2.7798505560000004,44786.909660000005
1157,2005,YR2005,Georgia,GEO,37.4,2.484319925,9.589574062,7315.19848
1159,2005,YR2005,Ghana,GHA,42.8,7.42208004,5.900003916,3090.187438
1161,2005,YR2005,Greece,GRC,34.6,3.963959932,0.5991421720000001,34732.64407
1172,2005,YR2005,Hungary,HUN,34.7,5.330920218999999,4.243622884,24355.781919999998
1173,2005,YR2005,Iceland,ISL,29.0,7.338439941,6.124438965,48104.65181
1175,2005,YR2005,Indonesia,IDN,33.0,2.872819901,5.692571303999999,6699.272091
1176,2005,YR2005,"Iran, Islamic Rep.",IRN,43.6,4.056509972,3.1898040869999997,11998.21486
1178,2005,YR2005,Ireland,IRL,33.8,4.520989895,5.73621145,56943.827529999995
1180,2005,YR2005,Israel,ISR,41.8,5.754449844,3.829403549,31239.00686
1181,2005,YR2005,Italy,ITA,33.8,4.2382998469999995,0.817848974,44260.82742
1185,2005,YR2005,Kazakhstan,KAZ,39.8,2.263530016,9.699999999,16536.01541
1186,2005,YR2005,Kenya,KEN,46.5,7.335649967,5.906666082,2992.340779
1192,2005,YR2005,Kyrgyz Republic,KGZ,32.6,4.873839855,-0.175515413,3517.720509
1200,2005,YR2005,Lithuania,LTU,35.3,4.878399849,7.732367603999999,21053.1846
1203,2005,YR2005,Madagascar,MDG,39.9,3.3096399310000004,4.755845097,1559.8747210000001
1212,2005,YR2005,Mexico,MEX,50.1,4.845689773999999,2.307807066,17788.58912
1214,2005,YR2005,Moldova,MDA,36.3,7.162700176,7.500000139,7231.328422
1224,2005,YR2005,Netherlands,NLD,29.0,5.109399796,2.050876108,49467.43543
1232,2005,YR2005,Norway,NOR,30.6,6.865069866,2.6254199380000003,61870.38379
1234,2005,YR2005,Pakistan,PAK,32.7,2.0497200490000003,6.518778074,3706.8240229999997
1239,2005,YR2005,Peru,PER,50.4,2.8390300269999997,6.285060325,7519.029069
1241,2005,YR2005,Poland,POL,35.8,5.425749778999999,3.5068474530000002,18937.47515
1242,2005,YR2005,Portugal,PRT,38.5,5.073949814,0.781848216,31076.644119999997
1246,2005,YR2005,Russian Federation,RUS,41.3,3.771929979,6.399965448,20042.8135
1252,2005,YR2005,Senegal,SEN,39.2,4.042300224,4.310238526,2758.353446
1258,2005,YR2005,Slovak Republic,SVK,29.3,3.7599599360000004,6.623463215,20072.35
1259,2005,YR2005,Slovenia,SVN,24.6,5.6040802,3.797972642,31128.82984
1262,2005,YR2005,South Africa,ZAF,64.8,5.063199997,5.277056312,11434.91524
1264,2005,YR2005,Spain,ESP,32.4,4.1443200110000005,3.652032674,37963.36584
1272,2005,YR2005,Sweden,SWE,26.8,6.506400107999999,2.85880324,45440.29675
1282,2005,YR2005,Tunisia,TUN,37.7,6.4515700339999995,3.486545622,8523.088776999999
1288,2005,YR2005,Ukraine,UKR,29.0,6.06441021,2.997300112,10957.55828
1290,2005,YR2005,United Kingdom,GBR,34.3,4.949150085,2.955691743,42629.94822
1292,2005,YR2005,Uruguay,URY,44.7,2.714750051,7.460132138,14606.46611
1309,2006,YR2006,Argentina,ARG,46.3,4.1282100680000005,8.0471515,20777.65271
1310,2006,YR2006,Armenia,ARM,29.7,2.715770006,13.2,8464.485726
1313,2006,YR2006,Austria,AUT,29.6,5.226520061,3.454041836,50767.848439999994
1319,2006,YR2006,Belarus,BLR,28.3,6.076960087000001,9.999994812,13214.871579999999
1328,2006,YR2006,Brazil,BRA,55.6,4.8706002239999995,3.961988722,12922.15548
1331,2006,YR2006,Bulgaria,BGR,35.7,3.9034600260000003,6.802167579,15449.43509
1342,2006,YR2006,Chile,CHL,47.3,3.021529913,6.317176343,19603.69783
1348,2006,YR2006,Costa Rica,CRI,49.4,4.616139888999999,7.326695432,14976.81578
1353,2006,YR2006,Cyprus,CYP,31.1,6.330269813999999,4.713828666,38930.61305
1354,2006,YR2006,Czech Republic,CZE,26.7,4.195509911,6.766932681,32352.81297
1355,2006,YR2006,Denmark,DNK,25.9,7.729909897000001,3.913007978,53322.289000000004
1361,2006,YR2006,El Salvador,SLV,45.7,3.492980003,4.342895377,7136.8552819999995
1369,2006,YR2006,Finland,FIN,28.0,5.928380013,4.027409658,46412.20035
1374,2006,YR2006,Georgia,GEO,36.9,3.00364995,9.419770648,8049.9060549999995
1375,2006,YR2006,Germany,DEU,31.3,4.293960094,3.8164419130000002,45678.08192
1382,2006,YR2006,Guatemala,GTM,54.6,3.032850027,5.351397787,6972.381592
1389,2006,YR2006,Hungary,HUN,28.3,5.296080112,4.031013267,25377.052219999998
1390,2006,YR2006,Iceland,ISL,30.2,7.1952199939999995,6.316993086,49956.84865
1393,2006,YR2006,"Iran, Islamic Rep.",IRN,44.8,4.2899899480000006,4.999795262,12456.60988
1395,2006,YR2006,Ireland,IRL,32.7,4.547470093,4.980502016,58189.77752
1398,2006,YR2006,Italy,ITA,33.7,4.52545023,1.790639681,44918.17035
1402,2006,YR2006,Kazakhstan,KAZ,30.2,2.626780033,10.7,18112.7787
1409,2006,YR2006,Kyrgyz Republic,KGZ,37.4,5.549860001,3.102898745,3588.089918
1411,2006,YR2006,Latvia,LVA,35.6,4.6961297989999995,11.98636285,22802.366319999997
1417,2006,YR2006,Lithuania,LTU,34.4,4.825729847,7.414121335,22977.99665
1422,2006,YR2006,Malaysia,MYS,44.8,4.485760212,5.584847067,18752.54579
1428,2006,YR2006,Mauritius,MUS,35.7,3.6975100039999997,4.865544591,14165.95449
1429,2006,YR2006,Mexico,MEX,48.9,4.699920177,4.495077894,18319.47756
1431,2006,YR2006,Moldova,MDA,35.4,7.498990059,4.79999985,7599.524783
1441,2006,YR2006,Netherlands,NLD,30.0,5.044020176,3.460988954,51097.362610000004
1449,2006,YR2006,Norway,NOR,26.4,6.382760048,2.399828426,62846.958210000004
1456,2006,YR2006,Peru,PER,50.3,2.6528100969999997,7.528899044,8017.255022
1457,2006,YR2006,Philippines,PHL,47.2,2.4257900709999998,5.316416821000001,5228.315740999999
1458,2006,YR2006,Poland,POL,34.7,5.207650185,6.131143946,20111.299619999998
1459,2006,YR2006,Portugal,PRT,38.1,4.907670021,1.625034176,31524.74957
1462,2006,YR2006,Romania,ROU,39.6,4.306509972,8.028811076,18224.78359
1463,2006,YR2006,Russian Federation,RUS,41.0,3.866260052,8.200068255,21757.46517
1475,2006,YR2006,Slovak Republic,SVK,25.8,3.707700014,8.493177587,21776.129240000002
1476,2006,YR2006,Slovenia,SVN,24.4,5.590660095,5.746396901000001,32812.738489999996
1481,2006,YR2006,Spain,ESP,33.5,4.184820175,4.102727115,38858.47107
1489,2006,YR2006,Sweden,SWE,26.4,6.3642902370000005,4.662773552,47292.313689999995
1490,2006,YR2006,Switzerland,CHE,33.9,4.81757021,4.015007608,63686.24824
1494,2006,YR2006,Thailand,THA,41.8,4.05038023,4.967810892,12837.87792
1496,2006,YR2006,Togo,TGO,42.2,3.435009956,2.6501320969999997,1572.99505
1500,2006,YR2006,Turkey,TUR,39.6,2.728060007,6.9479880860000005,19277.53069
1505,2006,YR2006,Ukraine,UKR,29.8,6.214799881,7.4399179339999995,11852.65236
1507,2006,YR2006,United Kingdom,GBR,34.6,4.996890068,2.6938003669999997,43457.70177
1509,2006,YR2006,Uruguay,URY,45.9,2.8802599910000004,4.098577364,15188.64444
1526,2007,YR2007,Argentina,ARG,46.2,4.462600231000001,9.007650875,22424.11773
1527,2007,YR2007,Armenia,ARM,31.2,3.018939972,13.7,9708.415397
1530,2007,YR2007,Austria,AUT,30.6,5.146900177,3.727415301,52489.75721
1536,2007,YR2007,Belarus,BLR,29.6,5.152100086,8.600006536,14417.35353
1545,2007,YR2007,Brazil,BRA,54.9,4.974259853,6.069870608,13564.9942
1548,2007,YR2007,Bulgaria,BGR,36.1,3.682640076,6.557081052000001,16583.95878
1551,2007,YR2007,Cabo Verde,CPV,47.2,5.407549857999999,15.17068797,6018.107241
1553,2007,YR2007,Cameroon,CMR,42.8,3.075229883,4.902201732,3064.124804
1554,2007,YR2007,Canada,CAN,33.8,4.766409874,6.868608857000001,45888.47633
1565,2007,YR2007,Costa Rica,CRI,49.3,4.63451004,8.215131984,15989.33133
1570,2007,YR2007,Cyprus,CYP,31.1,6.280829906,5.098068453,40053.41379
1571,2007,YR2007,Czech Republic,CZE,26.0,3.84717989,5.570338859,33956.24598
1572,2007,YR2007,Denmark,DNK,26.2,7.615600109,0.909238928,53569.02802
1575,2007,YR2007,Dominican Republic,DOM,48.9,2.046789885,7.415951715,11756.466620000001
1578,2007,YR2007,El Salvador,SLV,45.2,3.60984993,1.860579145,7238.192144
1581,2007,YR2007,Estonia,EST,31.2,4.620639801,7.57914052,31140.57984
1586,2007,YR2007,Finland,FIN,28.3,5.67125988,5.299336507,48664.26571
1591,2007,YR2007,Georgia,GEO,38.1,2.696870089,12.57895343,9109.897740999999
1592,2007,YR2007,Germany,DEU,31.3,4.366799831,2.9764551310000003,47100.6097
1606,2007,YR2007,Hungary,HUN,27.9,5.143050194,0.242181101,25477.94929
1607,2007,YR2007,Iceland,ISL,29.5,6.944330215,8.454860096,52827.01012
1609,2007,YR2007,Indonesia,IDN,35.7,3.0442500110000004,6.345022227,7319.434386
1612,2007,YR2007,Ireland,IRL,31.9,4.713980198,5.30546835,59530.885279999995
1614,2007,YR2007,Israel,ISR,41.1,5.498829842,5.742456602000001,33666.14333
1615,2007,YR2007,Italy,ITA,32.9,4.10503006,1.48707298,45356.53672
1619,2007,YR2007,Kazakhstan,KAZ,30.1,2.831389904,8.9,19500.47894
1626,2007,YR2007,Kyrgyz Republic,KGZ,33.9,6.467000007999999,8.542874764,3857.6539090000006
1627,2007,YR2007,Lao PDR,LAO,35.4,3.078419924,7.596828801,4052.8383200000003
1628,2007,YR2007,Latvia,LVA,37.5,4.640679836,10.02709965,25294.388730000002
1634,2007,YR2007,Lithuania,LTU,34.8,4.595210075,11.10748014,25835.368019999998
1642,2007,YR2007,Malta,MLT,29.2,5.947500229,4.7747056,30918.49827
1648,2007,YR2007,Moldova,MDA,34.4,8.293370247,3.00000024,7845.669401
1650,2007,YR2007,Mongolia,MNG,35.8,4.690130234,10.24801636,6858.33057
1658,2007,YR2007,Netherlands,NLD,29.6,4.886829853,3.7728425210000003,52909.96976
1662,2007,YR2007,Niger,NER,37.3,3.0146200660000004,3.1427240839999997,974.6821782
1666,2007,YR2007,Norway,NOR,27.1,6.534399986,2.994251851,64062.436910000004
1668,2007,YR2007,Pakistan,PAK,31.6,2.635270119,4.832817277,3931.1757850000004
1672,2007,YR2007,Paraguay,PRY,53.0,2.7395100589999997,5.421622872,9193.839912000001
1673,2007,YR2007,Peru,PER,50.0,2.629400015,8.518387769,8629.264533
1675,2007,YR2007,Poland,POL,34.0,4.8687400819999995,7.061543812999999,21543.1637
1676,2007,YR2007,Portugal,PRT,36.8,4.921470165,2.506579646,32251.5691
1679,2007,YR2007,Romania,ROU,37.5,4.149539948,7.233807744,19833.96787
1692,2007,YR2007,Slovak Republic,SVK,24.7,3.523210049,10.83202883,24127.884680000003
1693,2007,YR2007,Slovenia,SVN,24.4,5.11661005,6.980160755,34907.36883
1698,2007,YR2007,Spain,ESP,34.1,4.254049778,3.604687971,39520.82227
1706,2007,YR2007,Sweden,SWE,27.1,6.171589851,3.439221776,48557.38435
1707,2007,YR2007,Switzerland,CHE,34.3,4.557980061,3.995722246,65641.71061000001
1709,2007,YR2007,Tajikistan,TJK,32.2,3.413269997,7.800000119,2133.494009
1710,2007,YR2007,Tanzania,TZA,40.3,4.0334200860000005,6.768535202000001,1848.985478
1711,2007,YR2007,Thailand,THA,39.8,3.603149891,5.435151691000001,13460.06056
1722,2007,YR2007,Ukraine,UKR,27.0,6.157209872999999,7.593520408,12829.03065
1724,2007,YR2007,United Kingdom,GBR,35.7,4.9288702010000005,2.360575861,44138.5205
1743,2008,YR2008,Argentina,ARG,44.9,4.8444099430000005,4.057233103,23103.45652
1744,2008,YR2008,Armenia,ARM,29.2,3.1727299689999997,6.9,10467.52981
1746,2008,YR2008,Australia,AUS,35.4,4.637760162,3.6579535260000005,44835.361410000005
1747,2008,YR2008,Austria,AUT,30.4,5.263959885,1.460423676,53089.876339999995
1754,2008,YR2008,Belgium,BEL,28.4,6.332940102,0.446928735,48422.57823
1762,2008,YR2008,Brazil,BRA,54.0,5.268839836000001,5.094195447,14114.974769999999
1765,2008,YR2008,Bulgaria,BGR,33.6,4.222380161,6.085627607,17717.12183
1773,2008,YR2008,Central African Republic,CAF,56.2,1.290009975,2.054130962,1085.440256
1778,2008,YR2008,Colombia,COL,55.3,3.938780069,3.2834461860000004,11393.202229999999
1782,2008,YR2008,Costa Rica,CRI,48.6,4.886970043,4.738174878,16527.43608
1783,2008,YR2008,Cote d'Ivoire,CIV,43.2,4.341259956,2.542841476,3639.893481
1787,2008,YR2008,Cyprus,CYP,31.7,6.722760201,3.6468119910000003,40484.614910000004
1788,2008,YR2008,Czech Republic,CZE,26.3,3.727190018,2.686411951,34580.44335
1789,2008,YR2008,Denmark,DNK,25.2,7.476049900000001,-0.512016745,52982.53174
1794,2008,YR2008,"Egypt, Arab Rep.",EGY,31.1,3.7608299260000004,7.156283564,9763.504449
1795,2008,YR2008,El Salvador,SLV,46.9,4.458109856,2.570846686,7392.846522
1798,2008,YR2008,Estonia,EST,31.9,5.4773797989999995,-5.132000958,29621.76453
1802,2008,YR2008,Fiji,FJI,40.4,4.25357008,1.03279422,10566.92605
1803,2008,YR2008,Finland,FIN,27.8,5.83010006,0.7839950609999999,48817.98949
1808,2008,YR2008,Georgia,GEO,38.5,2.9195499419999997,2.418571659,9358.614590000001
1809,2008,YR2008,Germany,DEU,31.1,4.435949802,0.959879134,47643.22274
1823,2008,YR2008,Hungary,HUN,27.5,4.973589897,1.05828925,25792.70252
1824,2008,YR2008,Iceland,ISL,31.8,7.036019802,2.209496419,52999.43754
1826,2008,YR2008,Indonesia,IDN,35.2,2.9019000530000003,6.0137035999999995,7657.594719
1829,2008,YR2008,Ireland,IRL,30.9,5.448490143,-4.486599313999999,55712.500720000004
1832,2008,YR2008,Italy,ITA,33.8,4.387949944,-0.962012841,44623.60202
1836,2008,YR2008,Kazakhstan,KAZ,28.5,2.589459896,3.3,19770.21665
1843,2008,YR2008,Kyrgyz Republic,KGZ,31.5,5.913189888,8.40161606,4142.211454
1845,2008,YR2008,Latvia,LVA,37.2,5.381169796,-3.32730004,24711.10745
1851,2008,YR2008,Lithuania,LTU,35.7,4.839900017,2.614423033,26784.88003
1856,2008,YR2008,Malaysia,MYS,45.5,3.958519936,4.831769888999999,20103.50414
1859,2008,YR2008,Malta,MLT,29.0,5.501210212999999,3.8263594160000003,31893.35868
1863,2008,YR2008,Mexico,MEX,49.9,4.82006979,1.143584587,18396.81092
1865,2008,YR2008,Moldova,MDA,34.7,8.237270355,7.800000145,8473.747922
1875,2008,YR2008,Netherlands,NLD,29.3,5.029049873,2.1703248509999997,53848.25223
1883,2008,YR2008,Norway,NOR,27.0,6.285220146,0.476379999,63570.36124
1887,2008,YR2008,Panama,PAN,52.7,3.50229001,9.855654852,20636.92745
1890,2008,YR2008,Peru,PER,47.5,2.867749929,9.126568301,9341.231027
1892,2008,YR2008,Poland,POL,33.5,5.042399883,4.1999622919999995,22444.90735
1893,2008,YR2008,Portugal,PRT,36.6,4.696090221,0.319247925,32307.91277
1896,2008,YR2008,Romania,ROU,36.4,4.097199917,9.307467171,22044.30668
1897,2008,YR2008,Russian Federation,RUS,41.6,4.1017498969999995,5.199969265,24887.85272
1899,2008,YR2008,Samoa,WSM,42.0,5.144209862,1.009087755,6371.309048
1909,2008,YR2008,Slovak Republic,SVK,26.0,3.5216500760000002,5.574886362000001,25451.15176
1910,2008,YR2008,Slovenia,SVN,23.7,5.109519958,3.509841517,36075.46697
1913,2008,YR2008,South Africa,ZAF,63.0,4.866000175,3.191046741,12628.200840000001
1915,2008,YR2008,Spain,ESP,34.2,4.528059959,0.887145182,39240.395189999996
1923,2008,YR2008,Sweden,SWE,28.1,6.344550132999999,-0.45055925700000005,47963.49375
1924,2008,YR2008,Switzerland,CHE,33.8,4.731929779,2.7555114360000004,66598.85937
1928,2008,YR2008,Thailand,THA,40.3,3.508500099,1.725698849,13620.532369999999
1939,2008,YR2008,Ukraine,UKR,26.6,6.436210155,2.304024911,13195.87684
1941,2008,YR2008,United Kingdom,GBR,34.1,4.905139923,-0.278780161,43670.414580000004
1947,2008,YR2008,Vietnam,VNM,35.6,4.886740208,5.661771207999999,4628.0296530000005
1960,2009,YR2009,Argentina,ARG,43.7,5.531050205,-5.918525076,21519.89362
1961,2009,YR2009,Armenia,ARM,28.0,3.840790033,-14.1,9052.383549
1964,2009,YR2009,Austria,AUT,31.5,5.730249882000001,-3.7645781780000003,50957.606380000005
1970,2009,YR2009,Belarus,BLR,27.7,4.368939877,0.19999531,16010.43996
1971,2009,YR2009,Belgium,BEL,28.6,6.458099842,-2.0207430619999998,47063.87906
1978,2009,YR2009,Botswana,BWA,60.5,9.632920265,-7.652310203,13235.956329999999
1979,2009,YR2009,Brazil,BRA,53.7,5.463550091,-0.125811999,13962.258880000001
1982,2009,YR2009,Bulgaria,BGR,33.8,4.274290085,-3.3748383289999997,17229.84948
1993,2009,YR2009,Chile,CHL,47.0,4.230649948,-1.5642394430000002,20298.25092
1995,2009,YR2009,Colombia,COL,54.3,4.776519775,1.139648645,11395.56214
1999,2009,YR2009,Costa Rica,CRI,50.6,6.010300159,-0.873455943,16174.27686
2001,2009,YR2009,Croatia,HRV,32.6,4.3917799,-7.323537319,24548.79184
2004,2009,YR2009,Cyprus,CYP,32.1,7.205450057999999,-2.0152623590000003,38618.00937
2005,2009,YR2009,Czech Republic,CZE,26.2,4.14605999,-4.657331092,32782.61235
2006,2009,YR2009,Denmark,DNK,26.7,8.448880196000001,-4.90654773,50114.05005
2010,2009,YR2009,Ecuador,ECU,48.5,4.342420101,0.566491592,10148.86595
2012,2009,YR2009,El Salvador,SLV,45.8,4.659500122,-2.086120492,7208.1633090000005
2015,2009,YR2009,Estonia,EST,31.4,5.926519871,-14.62905503,25337.17524
2016,2009,YR2009,Eswatini,SWZ,51.5,6.471350192999999,1.5650488519999999,7236.734699
2020,2009,YR2009,Finland,FIN,27.5,6.459559917000001,-8.074447432000001,44662.100139999995
2025,2009,YR2009,Georgia,GEO,38.2,3.222379923,-3.6505136310000004,9097.421248
2026,2009,YR2009,Germany,DEU,30.5,4.909510136000001,-5.693836336,45044.48639
2040,2009,YR2009,Hungary,HUN,27.0,4.958040237,-6.699554137000001,24102.01369
2041,2009,YR2009,Iceland,ISL,28.7,7.189849853999999,-7.66380956,48770.950339999996
2042,2009,YR2009,India,IND,35.4,3.278249979,7.861888832999999,3956.3590159999994
2043,2009,YR2009,Indonesia,IDN,35.1,3.525130033,4.628871183,7906.261955
2044,2009,YR2009,"Iran, Islamic Rep.",IRN,42.1,3.8424499030000003,1.007385458,13199.01869
2046,2009,YR2009,Ireland,IRL,32.7,6.1464600560000004,-5.100471121,52336.62818
2049,2009,YR2009,Italy,ITA,33.8,4.523719788,-5.280937208,42074.92125
2053,2009,YR2009,Kazakhstan,KAZ,28.2,3.060719967,1.199999999,19614.73532
2060,2009,YR2009,Kyrgyz Republic,KGZ,29.9,6.232679844,2.886294575,4210.626346999999
2062,2009,YR2009,Latvia,LVA,36.0,5.542300224,-14.25971859,21540.08556
2068,2009,YR2009,Lithuania,LTU,37.2,5.585239887,-14.83860837,23065.06196
2074,2009,YR2009,Maldives,MDV,38.4,5.081689835,-7.228841465,15732.16971
2075,2009,YR2009,Mali,MLI,33.0,3.8690400119999997,4.806322267,2041.330218
2076,2009,YR2009,Malta,MLT,30.2,5.070390224,-1.133873468,31294.90231
2082,2009,YR2009,Moldova,MDA,32.9,9.509759902999999,-6.000000289,7975.384145
2092,2009,YR2009,Netherlands,NLD,27.9,5.43156004,-3.6668839369999997,51607.60573
2100,2009,YR2009,Norway,NOR,26.2,7.10337019,-1.727020309,61689.57772
2107,2009,YR2009,Peru,PER,47.0,3.1399400230000003,1.0958236590000001,9368.045463
2108,2009,YR2009,Philippines,PHL,46.3,2.537770033,1.4483230630000001,5606.590677
2109,2009,YR2009,Poland,POL,33.4,4.989769936,2.8321845889999997,23064.9537
2110,2009,YR2009,Portugal,PRT,34.9,5.563149929,-3.12207942,31269.410460000003
2113,2009,YR2009,Romania,ROU,35.6,4.002130032,-5.5173944079999995,21002.27614
2126,2009,YR2009,Slovak Republic,SVK,27.2,4.006410122,-5.455533231,24030.61182
2127,2009,YR2009,Slovenia,SVN,24.8,5.554969787999999,-7.5484377910000005,33052.22754
2132,2009,YR2009,Spain,ESP,34.9,4.912000179,-3.763231927,37430.6785
2133,2009,YR2009,Sri Lanka,LKA,36.1,2.055900097,3.5389120530000002,8507.592916
2138,2009,YR2009,Sudan,SDN,35.4,2.218679905,3.2418475719999997,3064.398943
2140,2009,YR2009,Sweden,SWE,27.3,6.749710082999999,-4.339790575,45492.768169999996
2141,2009,YR2009,Switzerland,CHE,32.9,4.89041996,-2.07963322,64404.079860000005
2143,2009,YR2009,Tajikistan,TJK,30.8,4.098309994,3.9000011480000003,2293.712708
2145,2009,YR2009,Thailand,THA,39.6,3.861939907,-0.690618232,13458.52671
2156,2009,YR2009,Ukraine,UKR,25.3,7.318019867,-14.75856217,11298.390959999999
2158,2009,YR2009,United Kingdom,GBR,34.3,5.076459885,-4.113949331000001,41558.30083
2177,2010,YR2010,Argentina,ARG,43.6,5.019710064,10.12539816,23521.27018
2178,2010,YR2010,Armenia,ARM,30.0,3.249000072,2.2,9286.197327
2180,2010,YR2010,Australia,AUS,34.7,5.550059795,2.067417128,44991.78371
2181,2010,YR2010,Austria,AUT,30.3,5.700479983999999,1.837093677,51769.145560000004
2187,2010,YR2010,Belarus,BLR,28.6,5.220039845,7.798266823,17288.40435
2188,2010,YR2010,Belgium,BEL,28.4,6.442590237,2.8642927080000002,47971.63031
2199,2010,YR2010,Bulgaria,BGR,35.7,3.8809599880000003,0.55944649,17440.67188
2205,2010,YR2010,Canada,CAN,33.6,5.3563699719999995,3.08949462,44861.523960000006
2211,2010,YR2010,China,CHN,43.7,3.7546401019999998,10.63587106,8884.588031000001
2212,2010,YR2010,Colombia,COL,54.6,4.83382988,4.494658971000001,11783.29991
2216,2010,YR2010,Costa Rica,CRI,48.2,6.565740108,5.360343526,16830.43618
2218,2010,YR2010,Croatia,HRV,32.4,4.234220028,-1.31656298,24280.60269
2221,2010,YR2010,Cyprus,CYP,31.5,6.54279995,2.014695707,38379.0904
2222,2010,YR2010,Czech Republic,CZE,26.6,4.033500195,2.434902159,33483.13759
2223,2010,YR2010,Denmark,DNK,27.2,8.559550285,1.8709911469999998,50825.41229
2226,2010,YR2010,Dominican Republic,DOM,47.3,1.900460005,8.33965106,12782.45717
2227,2010,YR2010,Ecuador,ECU,48.8,4.5074300769999995,3.5252986689999997,10340.9703
2228,2010,YR2010,"Egypt, Arab Rep.",EGY,30.2,3.5426499839999996,5.147234859,10340.07323
2229,2010,YR2010,El Salvador,SLV,43.5,4.048079967,2.105085752,7328.71991
2232,2010,YR2010,Estonia,EST,32.0,5.472499847000001,2.444265118,26015.74635
2234,2010,YR2010,Ethiopia,ETH,33.2,4.496590137,12.55053835,1259.022581
2237,2010,YR2010,Finland,FIN,27.7,6.504449844,3.185958654,45874.6613
2241,2010,YR2010,"Gambia, The",GMB,43.6,2.563220024,5.90833581,2346.720479
2242,2010,YR2010,Georgia,GEO,39.5,2.803649902,6.249487768,9736.732093999999
2243,2010,YR2010,Germany,DEU,30.2,4.94367981,4.179882499,46999.23997
2252,2010,YR2010,Guinea-Bissau,GNB,50.7,1.860820055,4.6109709,1747.237485
2255,2010,YR2010,Honduras,HND,53.1,6.8000001910000005,3.731140344,4866.973931
2257,2010,YR2010,Hungary,HUN,29.4,4.733019829,1.12217825,24427.62873
2258,2010,YR2010,Iceland,ISL,26.2,6.9442400929999994,-2.832774915,47457.62292
2260,2010,YR2010,Indonesia,IDN,36.4,2.81227994,6.223854181,8286.73287
2263,2010,YR2010,Ireland,IRL,32.3,6.040140152,1.7550807430000002,52965.78825
2265,2010,YR2010,Israel,ISR,42.5,5.535250187000001,5.58024614,34800.24747
2266,2010,YR2010,Italy,ITA,34.7,4.334119797,1.7132958390000002,42664.35527
2269,2010,YR2010,Jordan,JOR,33.7,3.099999905,2.314834221,11315.5027
2270,2010,YR2010,Kazakhstan,KAZ,28.0,3.4622600080000003,7.3,20751.25724
2277,2010,YR2010,Kyrgyz Republic,KGZ,30.1,5.8188300129999995,-0.47156660100000003,4141.077206
2279,2010,YR2010,Latvia,LVA,35.0,5.057059765,-4.406823636,21023.90133
2285,2010,YR2010,Lithuania,LTU,33.6,5.2978601460000005,1.6512406530000001,23942.76036
2288,2010,YR2010,Madagascar,MDG,42.4,2.75,0.619229746,1553.404722
2289,2010,YR2010,Malawi,MWI,45.5,3.539799929,6.874065635,1350.59917
2293,2010,YR2010,Malta,MLT,29.0,6.250040053999999,5.543639385,32867.94003
2297,2010,YR2010,Mexico,MEX,47.2,5.159220219,5.118118143,17790.011919999997
2299,2010,YR2010,Moldova,MDA,32.1,7.592299937999999,7.1000000839999995,8550.170639
2301,2010,YR2010,Mongolia,MNG,33.1,4.645100117,6.365161685,7479.7809019999995
2308,2010,YR2010,Nepal,NPL,32.8,3.631720066,4.81641465,2703.414917
2309,2010,YR2010,Netherlands,NLD,27.8,5.489089966,1.342739336,52032.9865
2317,2010,YR2010,Norway,NOR,25.7,6.746339797999999,0.701833824,61353.49639
2319,2010,YR2010,Pakistan,PAK,29.8,2.286870003,1.606688629,3906.873971
2323,2010,YR2010,Paraguay,PRY,51.0,2.770720005,11.09523127,10415.65644
2324,2010,YR2010,Peru,PER,45.5,2.867300034,8.332459107,10066.46757
2326,2010,YR2010,Poland,POL,33.2,5.063020229,3.7405177789999997,23996.13978
2327,2010,YR2010,Portugal,PRT,35.8,5.412489891,1.7376254759999998,31798.153810000003
2330,2010,YR2010,Romania,ROU,35.5,3.493609905,-3.90123628,20303.1628
2332,2010,YR2010,Rwanda,RWA,47.2,4.633840084,7.334656108,1507.16501
2335,2010,YR2010,Sao Tome and Principe,STP,30.8,9.651470183999999,6.671983657,3357.470193
2343,2010,YR2010,Slovak Republic,SVK,27.3,4.078979969,5.871256109,25417.81236
2344,2010,YR2010,Slovenia,SVN,24.9,5.545460224,1.343748472,33350.61359
2347,2010,YR2010,South Africa,ZAF,63.4,5.721739769,3.039730814,12452.337529999999
2349,2010,YR2010,Spain,ESP,35.2,4.856080055,0.163010231,37319.47622
2357,2010,YR2010,Sweden,SWE,27.7,6.522689819,5.952107008,47791.37152
2358,2010,YR2010,Switzerland,CHE,32.6,4.765629768,3.2681016560000002,65819.73725
2362,2010,YR2010,Thailand,THA,39.4,3.508440018,7.513390533,14399.04451
2367,2010,YR2010,Tunisia,TUN,35.8,6.2548098560000005,3.511164066,10113.37035
2373,2010,YR2010,Ukraine,UKR,24.8,7.397079945,3.834392505,11778.3137
2375,2010,YR2010,United Kingdom,GBR,34.4,5.699749947000001,2.074050953,42089.01364
2381,2010,YR2010,Vietnam,VNM,39.3,5.137219906,6.423238217000001,5089.411016
2383,2010,YR2010,West Bank and Gaza,PSE,35.3,6.191679955,5.777362056,5411.066482
2385,2010,YR2010,Zambia,ZMB,55.6,3.700000048,10.29822332,3125.528849
2394,2011,YR2011,Argentina,ARG,42.6,5.290629864,6.003951692999999,24647.629269999998
2395,2011,YR2011,Armenia,ARM,29.4,3.143850088,4.699999999,9725.27823
2398,2011,YR2011,Austria,AUT,30.8,5.592269897,2.9227972839999996,53102.95084
2404,2011,YR2011,Belarus,BLR,27.2,4.684790134,5.37870745,18251.78094
2405,2011,YR2011,Belgium,BEL,28.1,6.4319901470000005,1.6945138990000002,48153.93909
2407,2011,YR2011,Benin,BEN,43.4,4.397880077,2.9637529189999996,2707.8697
2413,2011,YR2011,Brazil,BRA,52.9,5.737410069,3.9744254060000004,15323.331730000002
2416,2011,YR2011,Bulgaria,BGR,34.3,3.5650300980000003,2.354556923,17966.158059999998
2425,2011,YR2011,Chad,TCD,43.3,2.2579,0.082869798,1676.769458
2427,2011,YR2011,Chile,CHL,46.0,4.0451898569999996,6.110918829,22337.86056
2428,2011,YR2011,China,CHN,42.4,3.52196002,9.550832179,9686.61529
2429,2011,YR2011,Colombia,COL,53.5,4.4660801889999995,6.947891982000001,12480.54655
2433,2011,YR2011,Costa Rica,CRI,48.7,6.379889965,4.40315924,17360.20159
2435,2011,YR2011,Croatia,HRV,32.3,4.137949944,-0.19836926300000002,24316.24798
2438,2011,YR2011,Cyprus,CYP,32.6,6.538539886000001,0.401437941,37562.44914
2439,2011,YR2011,Czech Republic,CZE,26.4,4.242090225,1.7603596240000001,34002.18978
2440,2011,YR2011,Denmark,DNK,27.3,8.48486042,1.336777767,51293.20618
2443,2011,YR2011,Dominican Republic,DOM,47.7,1.900239944,3.1334230030000003,13024.328520000001
2444,2011,YR2011,Ecuador,ECU,45.9,4.726890087,7.868140919,10984.28377
2446,2011,YR2011,El Salvador,SLV,42.3,3.89854002,3.8153561380000003,7575.6397400000005
2449,2011,YR2011,Estonia,EST,32.5,4.969210148,7.263084581,27990.136410000003
2454,2011,YR2011,Finland,FIN,27.6,6.445049762999999,2.547664838,46825.82484
2459,2011,YR2011,Georgia,GEO,39.6,2.576139927,7.399999867000001,10541.4719
2460,2011,YR2011,Germany,DEU,30.5,4.82487011,3.925192705,49757.92416
2472,2011,YR2011,Honduras,HND,52.6,6.099999905,3.8356906619999998,4956.402852
2474,2011,YR2011,Hungary,HUN,29.2,4.569059848999999,1.937107794,24971.47736
2475,2011,YR2011,Iceland,ISL,26.8,6.789979935,1.8457791559999999,48186.16729
2476,2011,YR2011,India,IND,35.7,3.79618001,5.241315001,4399.88824
2477,2011,YR2011,Indonesia,IDN,39.7,3.189440012,6.169784207999999,8680.213342000001
2480,2011,YR2011,Ireland,IRL,32.9,5.854020118999999,1.068526654,53298.81288
2483,2011,YR2011,Italy,ITA,35.1,4.1156802180000005,0.7073333470000001,42892.30556
2487,2011,YR2011,Kazakhstan,KAZ,28.0,3.493520021,7.400000001,21970.083919999997
2494,2011,YR2011,Kyrgyz Republic,KGZ,27.8,6.79061985,5.956274308999999,4334.6607890000005
2496,2011,YR2011,Latvia,LVA,35.8,4.910699844,6.46884995,22795.19771
2497,2011,YR2011,Lebanon,LBN,31.8,1.652519941,0.867339877,18727.01294
2502,2011,YR2011,Lithuania,LTU,32.5,5.113430023,6.03900816,25968.58342
2507,2011,YR2011,Malaysia,MYS,43.9,5.76293993,5.2939128339999995,21289.257540000002
2510,2011,YR2011,Malta,MLT,29.1,7.6961297989999995,0.467050856,32881.83384
2516,2011,YR2011,Moldova,MDA,30.6,7.136380196,5.818166405,9052.866543
2518,2011,YR2011,Mongolia,MNG,33.9,4.60902977,17.29077758,8613.313624
2526,2011,YR2011,Netherlands,NLD,27.8,5.463039875,1.551189312,52594.22901
2530,2011,YR2011,Niger,NER,31.5,3.0776200289999998,2.357756936,1020.996816
2534,2011,YR2011,Norway,NOR,25.3,6.4545202260000005,0.981434479,61157.148929999996
2536,2011,YR2011,Pakistan,PAK,30.9,2.221750021,2.748405917,3928.5199270000003
2538,2011,YR2011,Panama,PAN,51.3,3.159009933,11.31373175,23349.15681
2541,2011,YR2011,Peru,PER,44.7,2.663500071,6.3271924020000005,10616.8437
2543,2011,YR2011,Poland,POL,33.2,4.824969769,4.7576380039999995,25124.27636
2544,2011,YR2011,Portugal,PRT,36.3,5.123330116,-1.696164781,31304.81553
2547,2011,YR2011,Romania,ROU,35.9,3.0613698960000004,1.9060677069999998,20792.1734
2554,2011,YR2011,Senegal,SEN,40.3,4.903029919,1.33409108,2757.079405
2557,2011,YR2011,Sierra Leone,SLE,34.0,2.668900013,6.315045036,1469.033451
2560,2011,YR2011,Slovak Republic,SVK,26.5,3.924669981,2.8472181780000003,26107.828709999998
2561,2011,YR2011,Slovenia,SVN,24.9,5.5412597660000005,0.861327733,33568.06735
2566,2011,YR2011,Spain,ESP,35.7,4.896920204,-0.814373455,36884.25924
2574,2011,YR2011,Sweden,SWE,27.6,6.366919994,3.195333235,48947.43931
2575,2011,YR2011,Switzerland,CHE,31.7,4.815269947,1.920445985,66342.01082000001
2578,2011,YR2011,Tanzania,TZA,37.8,3.558290005,7.672155435,2098.276605
2579,2011,YR2011,Thailand,THA,37.5,4.805550098,0.840132083,14450.478830000002
2581,2011,YR2011,Togo,TGO,46.0,4.309299946,6.398199052000001,1683.856263
2590,2011,YR2011,Ukraine,UKR,24.6,6.162370205,5.465501846,12466.80779
2592,2011,YR2011,United Kingdom,GBR,33.2,5.580949782999999,1.2757084109999999,42294.120460000006
2594,2011,YR2011,Uruguay,URY,42.2,4.3552699089999996,5.162133029,20231.57316
2600,2011,YR2011,West Bank and Gaza,PSE,34.4,5.335279942,9.600808489,5782.689593
2611,2012,YR2012,Argentina,ARG,41.3,5.345829964,-1.0264204540000001,24118.86752
2612,2012,YR2012,Armenia,ARM,29.6,2.7724800110000003,7.200000001,10397.65466
2615,2012,YR2012,Austria,AUT,30.5,5.480400085,0.6804455770000001,53221.07866
2621,2012,YR2012,Belarus,BLR,26.5,4.959640026000001,1.687135536,18576.72868
2630,2012,YR2012,Brazil,BRA,53.5,5.855100155,1.921150318,15478.78929
2633,2012,YR2012,Bulgaria,BGR,36.0,3.4935901169999997,0.35658698299999997,18134.96084
2645,2012,YR2012,China,CHN,42.2,4.077429771,7.863736449,10397.56142
2646,2012,YR2012,Colombia,COL,52.6,4.370389938,3.912635767,12852.6257
2650,2012,YR2012,Costa Rica,CRI,48.6,6.582399845,4.882592369,17994.53623
2656,2012,YR2012,Czech Republic,CZE,26.1,4.220709801,-0.785004299,33688.09983
2657,2012,YR2012,Denmark,DNK,27.8,7.237820148,0.226499792,51216.30941
2660,2012,YR2012,Dominican Republic,DOM,46.1,2.49751997,2.717367897,13219.69413
2661,2012,YR2012,Ecuador,ECU,46.1,4.643070221,5.641962067000001,11431.37562
2662,2012,YR2012,"Egypt, Arab Rep.",EGY,28.3,3.3682999610000004,2.226199797,10301.10781
2663,2012,YR2012,El Salvador,SLV,41.8,3.712440014,2.814342809,7754.687992
2666,2012,YR2012,Estonia,EST,32.9,4.6826901439999995,3.2282004939999998,28997.32288
2671,2012,YR2012,Finland,FIN,27.1,7.148039817999999,-1.397545728,45952.246380000004
2676,2012,YR2012,Georgia,GEO,39.0,1.906100035,6.3690083060000005,11295.75409
2677,2012,YR2012,Germany,DEU,30.9,4.956580162,0.418497594,49872.44749
2678,2012,YR2012,Ghana,GHA,42.4,7.919139862000001,9.292789405,4431.023735
2685,2012,YR2012,Guinea,GIN,33.7,1.833709955,5.915288884,2002.321687
2691,2012,YR2012,Hungary,HUN,30.8,4.153429985,-1.3806233280000002,24754.22591
2692,2012,YR2012,Iceland,ISL,26.8,7.5822300910000004,1.063636607,48440.25508
2694,2012,YR2012,Indonesia,IDN,39.7,3.407480001,6.030050652999999,9080.066112999999
2697,2012,YR2012,Ireland,IRL,33.2,5.766119957000001,-0.052354785,53045.65382
2699,2012,YR2012,Israel,ISR,41.3,5.699969769,2.430918053,35942.71484
2700,2012,YR2012,Italy,ITA,35.2,4.056019783,-2.980905768,41501.71123
2704,2012,YR2012,Kazakhstan,KAZ,28.2,3.9016900060000004,4.8,22702.578840000002
2711,2012,YR2012,Kyrgyz Republic,KGZ,27.4,7.384230137,-0.088150201,4259.318204
2712,2012,YR2012,Lao PDR,LAO,36.0,1.821470022,8.026098434,5489.040283
2713,2012,YR2012,Latvia,LVA,35.2,6.546720027999999,4.251723048000001,24060.98577
2719,2012,YR2012,Lithuania,LTU,35.1,4.758029938,3.8438647489999997,27330.89595
2720,2012,YR2012,Luxembourg,LUX,34.3,4.090410233,-0.352520089,105075.9611
2722,2012,YR2012,Madagascar,MDG,42.6,2.340670109,3.011146408,1538.516397
2727,2012,YR2012,Malta,MLT,29.4,6.345459937999999,4.117707299,33929.33992
2730,2012,YR2012,Mauritius,MUS,38.5,3.418200016,3.496118338,18014.99115
2731,2012,YR2012,Mexico,MEX,48.7,5.103099823,3.642322679,18594.89447
2733,2012,YR2012,Moldova,MDA,29.2,6.9833898539999995,-0.589734126,9000.658925
2735,2012,YR2012,Mongolia,MNG,33.8,5.19520998,12.31981985,9488.342966
2743,2012,YR2012,Netherlands,NLD,27.6,5.410220146,-1.030353991,51860.05599
2751,2012,YR2012,Norway,NOR,25.7,7.374700069,2.7031094710000003,61990.71162
2758,2012,YR2012,Peru,PER,44.4,2.92276001,6.139724706,11176.086720000001
2760,2012,YR2012,Poland,POL,33.0,4.829549789,1.324890828,25457.206459999998
2761,2012,YR2012,Portugal,PRT,36.0,4.949409962,-4.057293608,30156.70158
2764,2012,YR2012,Romania,ROU,36.5,2.963799953,2.040665131,21311.13363
2765,2012,YR2012,Russian Federation,RUS,40.7,3.7931001189999995,4.024086157,25933.29266
2772,2012,YR2012,Serbia,SRB,39.9,4.164209843,-0.6815423690000001,14894.195930000002
2777,2012,YR2012,Slovak Republic,SVK,26.1,3.862869978,1.896742271,26557.791380000002
2778,2012,YR2012,Slovenia,SVN,25.6,5.620230198,-2.6394387569999997,32613.490530000003
2779,2012,YR2012,Solomon Islands,SLB,37.1,8.087030411,1.8604651159999999,2530.758932
2783,2012,YR2012,Spain,ESP,35.4,4.469339848,-2.9594413019999997,35769.46003
2784,2012,YR2012,Sri Lanka,LKA,38.7,1.496170044,9.144572246000001,10712.39735
2791,2012,YR2012,Sweden,SWE,27.6,7.536970139,-0.5883045689999999,48300.8425
2792,2012,YR2012,Switzerland,CHE,31.6,4.8583498,1.217193657,66440.28702
2796,2012,YR2012,Thailand,THA,39.3,4.536709785,7.242796202,15424.544269999999
2806,2012,YR2012,Uganda,UGA,41.0,1.8052300209999999,3.8374556060000002,1983.8803710000002
2807,2012,YR2012,Ukraine,UKR,24.7,6.692329883999999,0.238681721,12527.4655
2815,2012,YR2012,Vietnam,VNM,35.6,5.533289909,5.247367156,5574.493705
2828,2013,YR2013,Argentina,ARG,40.9,5.4366102220000005,2.405323781,24424.13645
2829,2013,YR2013,Armenia,ARM,30.6,2.650180101,3.3,10691.27675
2832,2013,YR2013,Austria,AUT,30.8,5.5471100810000005,0.025504712000000002,52921.8171
2838,2013,YR2013,Belarus,BLR,26.6,5.009419918,1.003470841,18760.16352
2839,2013,YR2013,Belgium,BEL,27.7,6.630529881,0.45924219299999997,48203.65268
2847,2013,YR2013,Brazil,BRA,52.8,5.838850021,3.004846305,15805.222909999999
2850,2013,YR2013,Bulgaria,BGR,36.6,4.072440147,0.325769436,18296.14689
2852,2013,YR2013,Burundi,BDI,38.6,5.995359897999999,4.924195261,877.2729649
2861,2013,YR2013,Chile,CHL,45.8,4.529429913,4.045004298,24006.81233
2862,2013,YR2013,China,CHN,39.7,3.852509975,7.766150098,11149.867559999999
2863,2013,YR2013,Colombia,COL,52.6,4.8785500530000006,5.13399352,13390.4852
2867,2013,YR2013,Costa Rica,CRI,49.3,6.687399864,2.4947661080000003,18233.01597
2869,2013,YR2013,Croatia,HRV,32.0,4.554130077,-0.44709217700000004,23766.97604
2872,2013,YR2013,Cyprus,CYP,37.0,6.483779907000001,-6.553078255,33456.28909
2873,2013,YR2013,Czech Republic,CZE,26.5,4.046760082,-0.045903674000000005,33661.46842
2874,2013,YR2013,Denmark,DNK,28.5,8.494429588,0.933340972,51479.26645
2877,2013,YR2013,Dominican Republic,DOM,47.7,3.480540037,4.875205093,13702.32121
2878,2013,YR2013,Ecuador,ECU,46.9,5.004640102,4.946511267,11818.58683
2880,2013,YR2013,El Salvador,SLV,43.4,3.801490068,2.235684893,7892.436955
2883,2013,YR2013,Estonia,EST,35.1,4.812670231,1.4584286359999998,29525.118860000002
2887,2013,YR2013,Fiji,FJI,36.7,3.8828899860000003,4.73421949,11429.35522
2888,2013,YR2013,Finland,FIN,27.2,7.124040127000001,-0.9016963159999999,45328.575319999996
2893,2013,YR2013,Georgia,GEO,38.6,2.886719942,3.621305352,11740.08912
2894,2013,YR2013,Germany,DEU,31.1,4.9353899960000005,0.437591303,49954.17375
2906,2013,YR2013,Honduras,HND,50.0,5.874929905,2.791559757,5113.459151
2908,2013,YR2013,Hungary,HUN,31.5,4.197649956,1.8607516240000002,25284.37005
2909,2013,YR2013,Iceland,ISL,25.4,7.448689937999999,4.55246032,50168.68853
2911,2013,YR2013,Indonesia,IDN,40.0,3.359040022,5.557263689,9457.018541
2912,2013,YR2013,"Iran, Islamic Rep.",IRN,37.4,3.06795001,-0.19407347100000003,12625.08749
2914,2013,YR2013,Ireland,IRL,33.5,5.335949898,1.267014661,53435.6393
2917,2013,YR2013,Italy,ITA,34.9,4.143670082,-1.841065451,40268.11279
2921,2013,YR2013,Kazakhstan,KAZ,27.1,3.437370062,5.999999999,23720.816069999997
2928,2013,YR2013,Kyrgyz Republic,KGZ,28.8,6.780200005,10.91546945,4631.403267000001
2930,2013,YR2013,Latvia,LVA,35.5,6.943649768999999,2.310176076,24881.90877
2936,2013,YR2013,Lithuania,LTU,35.3,4.602330208,3.550072843,28589.026660000003
2941,2013,YR2013,Malaysia,MYS,41.3,5.481200218,4.693722526,22855.94969
2944,2013,YR2013,Malta,MLT,28.8,7.579239845,5.473355695,35287.46508
2950,2013,YR2013,Moldova,MDA,28.5,5.909759997999999,9.043865482000001,9817.296297
2960,2013,YR2013,Netherlands,NLD,28.1,5.52655983,-0.130175288,51640.076689999994
2968,2013,YR2013,Norway,NOR,26.4,7.485350132000001,1.034072914,61878.99441
2970,2013,YR2013,Pakistan,PAK,30.7,2.493439913,4.396456633000001,4069.2674979999997
2972,2013,YR2013,Panama,PAN,51.5,3.400000095,6.903948051,26480.60949
2974,2013,YR2013,Paraguay,PRY,47.9,4.809329987,8.293076489,11209.13154
2975,2013,YR2013,Peru,PER,43.9,3.297290087,5.8525182110000005,11724.0036
2977,2013,YR2013,Poland,POL,33.1,4.970620155,1.1257678359999999,25759.33915
2978,2013,YR2013,Portugal,PRT,36.2,5.270969868,-0.922644675,30042.89072
2981,2013,YR2013,Romania,ROU,36.9,3.051739931,3.7709623039999998,22197.03833
2982,2013,YR2013,Russian Federation,RUS,40.9,3.763829947,1.7554221490000002,26332.39665
2983,2013,YR2013,Rwanda,RWA,45.1,4.744919777,4.719854196,1718.935761
2990,2013,YR2013,Seychelles,SYC,46.8,3.608129978,6.018076825,24150.21072
2994,2013,YR2013,Slovak Republic,SVK,28.1,4.071350098,0.666535042,26706.09511
2995,2013,YR2013,Slovenia,SVN,26.2,5.405729771,-1.029282772,32234.025760000004
3000,2013,YR2013,Spain,ESP,36.2,4.351019859,-1.435394259,35371.739819999995
3008,2013,YR2013,Sweden,SWE,28.8,7.611209869,1.187775716,48462.16
3009,2013,YR2013,Switzerland,CHE,32.5,4.869029998999999,1.8216677909999999,66877.16305
3013,2013,YR2013,Thailand,THA,37.8,4.1240201,2.687495563,15767.36081
3024,2013,YR2013,Ukraine,UKR,24.6,6.671659946,-0.02669789,12552.669759999999
3026,2013,YR2013,United Kingdom,GBR,33.2,5.531579971,2.186113352,43242.56767
3045,2014,YR2014,Argentina,ARG,41.6,5.361440182,-2.5126153209999997,23550.09906
3046,2014,YR2014,Armenia,ARM,31.5,2.247240067,3.600000001,11019.83878
3048,2014,YR2014,Australia,AUS,34.4,5.1647701260000005,2.533114665,47289.96461
3049,2014,YR2014,Austria,AUT,30.5,5.447619915,0.6612728489999999,52857.056319999996
3055,2014,YR2014,Belarus,BLR,27.2,4.818309783999999,1.726384854,19066.88682
3056,2014,YR2014,Belgium,BEL,28.1,6.5904698370000006,1.578533143,48747.67705
3064,2014,YR2014,Brazil,BRA,52.1,5.948480129,0.50395574,15749.51216
3068,2014,YR2014,Burkina Faso,BFA,35.3,4.053299904,4.326845615,1907.9492129999999
3072,2014,YR2014,Cameroon,CMR,46.6,2.687129974,5.884059327,3362.6648090000003
3079,2014,YR2014,China,CHN,39.2,3.7266399860000003,7.425763656,11917.3385
3080,2014,YR2014,Colombia,COL,52.6,4.629459858,4.499030001,13852.24205
3081,2014,YR2014,Comoros,COM,45.3,2.7447299960000002,2.1000064380000003,2996.379345
3084,2014,YR2014,Costa Rica,CRI,48.6,6.67952013,3.542109878,18669.096680000002
3089,2014,YR2014,Cyprus,CYP,35.6,6.440499783,-1.829309109,33207.770710000004
3090,2014,YR2014,Czech Republic,CZE,25.9,3.965229988,2.2621028969999997,34386.70491
3091,2014,YR2014,Denmark,DNK,28.4,7.634850025,1.619393811,52048.33549
3094,2014,YR2014,Dominican Republic,DOM,44.3,3.963769913,7.05046369,14499.63041
3095,2014,YR2014,Ecuador,ECU,45.0,5.260990143,3.7888685489999996,12078.474390000001
3097,2014,YR2014,El Salvador,SLV,41.6,3.8241600989999998,1.7113147830000002,7990.4595739999995
3100,2014,YR2014,Estonia,EST,34.6,5.01113987,3.011366587,30494.0963
3105,2014,YR2014,Finland,FIN,26.8,7.102369785,-0.364908157,44976.77645
3110,2014,YR2014,Georgia,GEO,37.6,2.9976799489999997,4.431924823,12254.64565
3111,2014,YR2014,Germany,DEU,30.9,4.921020031,2.2095434309999997,50845.527
3118,2014,YR2014,Guatemala,GTM,48.3,2.985620022,4.443977583,7939.374378
3123,2014,YR2014,Honduras,HND,49.9,7.090119839,3.058080562,5177.415197
3125,2014,YR2014,Hungary,HUN,30.9,4.610660076,4.228950735,26424.7204
3126,2014,YR2014,Iceland,ISL,27.8,7.641409874,1.687215018,50450.741610000005
3128,2014,YR2014,Indonesia,IDN,39.4,3.288009882,5.006668426,9801.166283
3129,2014,YR2014,"Iran, Islamic Rep.",IRN,38.8,2.8013501169999997,4.60341888,13038.555059999999
3131,2014,YR2014,Ireland,IRL,31.9,4.873139858,8.713697808,57668.755470000004
3133,2014,YR2014,Israel,ISR,39.8,5.783510207999999,3.92086116,37474.849180000005
3134,2014,YR2014,Italy,ITA,34.7,4.061279774,-0.004547542,39898.52646
3138,2014,YR2014,Kazakhstan,KAZ,27.0,3.4216499330000003,4.200000001,24355.75612
3145,2014,YR2014,Kyrgyz Republic,KGZ,26.8,5.531599998,4.024038626,4722.086002
3147,2014,YR2014,Latvia,LVA,35.1,5.283889771,1.073634087,25387.00765
3150,2014,YR2014,Liberia,LBR,33.2,2.279099941,0.701143912,1621.344665
3153,2014,YR2014,Lithuania,LTU,37.7,4.486579895,3.5370098789999997,29855.831489999997
3154,2014,YR2014,Luxembourg,LUX,31.2,4.007890224,4.296786305,108414.7519
3161,2014,YR2014,Malta,MLT,29.0,7.004209995,7.633538112,37230.27839
3165,2014,YR2014,Mexico,MEX,48.7,5.257470131,2.849773255,18887.56744
3167,2014,YR2014,Moldova,MDA,26.8,6.266019821,4.999625668999999,10314.40965
3169,2014,YR2014,Mongolia,MNG,32.0,4.7148499489999995,7.885225482,10980.323999999999
3172,2014,YR2014,Mozambique,MOZ,54.0,6.876329899,7.398512797,1217.088867
3177,2014,YR2014,Netherlands,NLD,28.6,5.458899975,1.423395395,52186.99739
3180,2014,YR2014,Nicaragua,NIC,46.2,4.0832901,4.785170747,5443.278082
3181,2014,YR2014,Niger,NER,34.3,5.103680134,6.642136654,1127.614075
3185,2014,YR2014,Norway,NOR,26.8,7.695040226000001,1.969544301,62390.1497
3191,2014,YR2014,Paraguay,PRY,50.7,4.789110184,5.301238592,11643.727509999999
3192,2014,YR2014,Peru,PER,43.1,3.695990086,2.382157372,11877.07893
3194,2014,YR2014,Poland,POL,32.8,4.935540199,3.378578073,26649.57728
3195,2014,YR2014,Portugal,PRT,35.6,5.124000072,0.7921903020000001,30444.600210000004
3198,2014,YR2014,Romania,ROU,36.0,3.121220112,3.608723653,23084.374780000002
3199,2014,YR2014,Russian Federation,RUS,39.9,4.0138797760000005,0.736267221,26057.15531
3206,2014,YR2014,Serbia,SRB,40.5,3.9269800189999997,-1.58951032,15226.320169999999
3211,2014,YR2014,Slovak Republic,SVK,26.1,4.220590115,2.6415897459999997,27384.971810000003
3212,2014,YR2014,Slovenia,SVN,25.7,5.291699886,2.768158831,33093.750439999996
3215,2014,YR2014,South Africa,ZAF,63.0,5.99946022,1.846991604,12884.4846
3217,2014,YR2014,Spain,ESP,36.1,4.303380013,1.383907943,35968.62014
3225,2014,YR2014,Sweden,SWE,28.4,7.5737299920000005,2.657798275,49258.99616
3226,2014,YR2014,Switzerland,CHE,32.5,4.8777999880000005,2.446845157,67682.68617999999
3230,2014,YR2014,Thailand,THA,37.0,3.723560095,0.9844688640000001,15854.13186
3231,2014,YR2014,Timor-Leste,TLS,28.7,7.515470027999999,4.449568823,3264.56251
3241,2014,YR2014,Ukraine,UKR,24.0,5.874939919,-6.552631293999999,12408.9516
3243,2014,YR2014,United Kingdom,GBR,34.0,5.6045699120000005,2.862728671,44154.105610000006
3256,2015,YR2015,Albania,ALB,32.9,3.4379699230000003,2.218752232,11878.48809
3263,2015,YR2015,Armenia,ARM,32.4,2.80591011,3.1999999989999997,11321.332540000001
3266,2015,YR2015,Austria,AUT,30.5,5.456580162000001,1.014501586,52798.099460000005
3272,2015,YR2015,Belarus,BLR,25.6,4.7875199319999995,-3.829570558,18307.519669999998
3273,2015,YR2015,Belgium,BEL,27.7,6.4515700339999995,2.041459009,49455.44134
3275,2015,YR2015,Benin,BEN,47.8,3.17298007,1.77815106,2945.970221
3280,2015,YR2015,Botswana,BWA,53.3,7.806519985,-1.6979354269999998,16714.39782
3281,2015,YR2015,Brazil,BRA,51.9,6.24105978,-3.545763393,15064.17607
3287,2015,YR2015,Cabo Verde,CPV,42.4,5.266910076,1.006863707,6266.881779
3295,2015,YR2015,Chile,CHL,44.4,4.875309944,2.303767036,24440.415259999998
3296,2015,YR2015,China,CHN,38.6,3.82487011,7.041328879,12691.82155
3297,2015,YR2015,Colombia,COL,51.0,4.470389843,2.955901375,14095.74836
3301,2015,YR2015,Costa Rica,CRI,48.4,6.87349987,3.652080968,19141.68307
3302,2015,YR2015,Cote d'Ivoire,CIV,41.5,3.494159937,8.84285995,4417.150215
3306,2015,YR2015,Cyprus,CYP,34.0,6.326129913,3.21856901,34472.29851
3307,2015,YR2015,Czech Republic,CZE,25.9,5.7518200870000005,5.388380838,36168.418560000006
3311,2015,YR2015,Dominican Republic,DOM,45.2,3.816240072,6.927018772,15328.35951
3312,2015,YR2015,Ecuador,ECU,46.0,4.998700142,0.098872608,11896.37516
3313,2015,YR2015,"Egypt, Arab Rep.",EGY,31.8,3.9308500289999997,4.372019078,10570.44523
3314,2015,YR2015,El Salvador,SLV,40.6,3.909879923,2.39746263,8143.224442
3317,2015,YR2015,Estonia,EST,32.7,5.106850147,1.853020046,31038.804630000002
3319,2015,YR2015,Ethiopia,ETH,35.0,4.737919807,10.39246302,1779.084111
3322,2015,YR2015,Finland,FIN,27.1,7.032080173,0.543659212,45072.59021
3326,2015,YR2015,"Gambia, The",GMB,35.9,2.160029888,4.058073804,2058.658146
3327,2015,YR2015,Georgia,GEO,36.5,3.164870024,3.02220738,12605.14007
3328,2015,YR2015,Germany,DEU,31.7,4.855150223,1.491931528,51159.29746
3331,2015,YR2015,Greece,GRC,36.0,3.6667699810000003,-0.41190153799999996,28248.12596
3340,2015,YR2015,Honduras,HND,49.2,6.412970066000001,3.840079971,5283.416914
3342,2015,YR2015,Hungary,HUN,30.4,4.498990059,3.8194283789999997,27499.32447
3343,2015,YR2015,Iceland,ISL,26.8,7.457970142000001,4.436663718999999,52142.932810000006
3345,2015,YR2015,Indonesia,IDN,39.7,3.5836000439999998,4.8763223,10149.60387
3346,2015,YR2015,"Iran, Islamic Rep.",IRN,39.5,2.7973899839999996,-1.32064512,12698.1092
3348,2015,YR2015,Ireland,IRL,31.8,3.7580099110000003,25.17624519,71508.73384
3351,2015,YR2015,Italy,ITA,35.4,4.073629856,0.778304351,40247.82904
3355,2015,YR2015,Kazakhstan,KAZ,26.8,2.788579941,1.2,24290.41763
3356,2015,YR2015,Kenya,KEN,40.8,5.271339893,5.718507131,3824.7593030000003
3362,2015,YR2015,Kyrgyz Republic,KGZ,29.0,5.985509872000001,3.875825448,4805.141092
3364,2015,YR2015,Latvia,LVA,34.2,5.284939766,4.006874033,26621.272230000002
3370,2015,YR2015,Lithuania,LTU,37.4,4.227190018,2.024583955,30748.196310000003
3371,2015,YR2015,Luxembourg,LUX,32.9,3.918200016,4.306431493,110446.0861
3375,2015,YR2015,Malaysia,MYS,41.1,4.894869804,5.091532422,24787.82375
3378,2015,YR2015,Malta,MLT,29.4,5.023980141,9.608132811,39845.11457
3384,2015,YR2015,Moldova,MDA,27.0,5.805689812000001,-0.338235324,10360.829590000001
3390,2015,YR2015,Myanmar,MMR,38.1,2.099999905,6.99284029,4268.500677
3391,2015,YR2015,Namibia,NAM,59.1,9.913700104,4.264174529,10662.82993
3394,2015,YR2015,Netherlands,NLD,28.2,5.34815979,1.9591697209999999,52974.116219999996
3402,2015,YR2015,Norway,NOR,27.5,7.569330215,1.967128438,62987.53586
3404,2015,YR2015,Pakistan,PAK,32.6,2.650019884,4.731147475,4278.346663
3406,2015,YR2015,Panama,PAN,50.8,2.836289883,5.733054296000001,28431.08242
3408,2015,YR2015,Paraguay,PRY,47.6,3.338150024,2.957151735,11828.14013
3409,2015,YR2015,Peru,PER,43.4,3.969330072,3.252244772,12110.2669
3410,2015,YR2015,Philippines,PHL,44.6,3.3299999239999996,6.348309717,7300.13621
3411,2015,YR2015,Poland,POL,31.8,4.809939861,4.2363263060000005,27797.058419999998
3412,2015,YR2015,Portugal,PRT,35.5,4.885540009,1.7920460459999998,31118.79067
3415,2015,YR2015,Romania,ROU,35.9,3.109630108,2.953674037,23878.18854
3416,2015,YR2015,Russian Federation,RUS,37.7,3.834029913,-1.972719226,25488.09612
3423,2015,YR2015,Serbia,SRB,40.5,3.78640008,1.806059265,15578.20285
3428,2015,YR2015,Slovak Republic,SVK,26.5,4.598999977,4.81489967,28676.265610000002
3429,2015,YR2015,Slovenia,SVN,25.4,4.909530163,2.210081607,33799.72553
3434,2015,YR2015,Spain,ESP,36.2,4.286570072,3.83517266,37377.06802
3442,2015,YR2015,Sweden,SWE,29.2,7.443900107999999,4.489281588,50928.962980000004
3443,2015,YR2015,Switzerland,CHE,32.3,4.93844986,1.657768711,68025.92004
3445,2015,YR2015,Tajikistan,TJK,34.0,4.967740059,5.9999992639999995,2984.494913
3447,2015,YR2015,Thailand,THA,36.0,3.7596700189999996,3.134047249,16285.386569999999
3449,2015,YR2015,Togo,TGO,43.1,5.10860014,5.742868453,1920.469307
3452,2015,YR2015,Tunisia,TUN,32.8,6.596000195,1.165860578,10510.33031
3458,2015,YR2015,Ukraine,UKR,25.5,5.74255991,-9.772960791000001,11237.07446
3460,2015,YR2015,United Kingdom,GBR,33.2,5.5530500410000005,2.363069511,44840.78264
3470,2015,YR2015,Zambia,ZMB,57.1,4.624330044,2.920375112,3443.553254
3473,2016,YR2016,Albania,ALB,33.7,3.962090015,3.314804753,12291.873379999999
3479,2016,YR2016,Argentina,ARG,42.0,5.545489787999999,-2.080327844,23189.52745
3480,2016,YR2016,Armenia,ARM,32.5,2.75812006,0.2,11303.06785
3483,2016,YR2016,Austria,AUT,30.8,5.47961998,1.989437162,53269.3062
3487,2016,YR2016,Bangladesh,BGD,32.4,1.535539985,7.113478213,3920.144507
3489,2016,YR2016,Belarus,BLR,25.3,4.946549892,-2.526446436,17822.60659
3490,2016,YR2016,Belgium,BEL,27.6,6.4617300029999996,1.266686409,49828.96291
3498,2016,YR2016,Brazil,BRA,53.3,6.3140401839999996,-3.275916908,14451.15284
3513,2016,YR2016,China,CHN,38.5,3.79362011,6.848762205,13487.82248
3514,2016,YR2016,Colombia,COL,50.6,4.477210045,2.087382502,14194.51566
3518,2016,YR2016,Costa Rica,CRI,48.7,6.893959999,4.204323252,19736.6653
3523,2016,YR2016,Cyprus,CYP,32.9,6.145410061000001,6.4380584810000006,36523.733210000006
3524,2016,YR2016,Czech Republic,CZE,25.4,5.553730011,2.53728452,37014.95929
3528,2016,YR2016,Dominican Republic,DOM,45.7,3.850500107,6.659200263,16166.611530000002
3529,2016,YR2016,Ecuador,ECU,45.0,4.362750053,-1.226383985,11551.61597
3531,2016,YR2016,El Salvador,SLV,40.0,3.825239897,2.541545026,8309.441799
3534,2016,YR2016,Estonia,EST,31.2,5.114459991,3.155564814,32008.934360000003
3535,2016,YR2016,Eswatini,SWZ,54.6,5.414669991,1.100718394,8321.031914
3539,2016,YR2016,Finland,FIN,27.1,6.851530075,2.811457767,46206.78781
3544,2016,YR2016,Georgia,GEO,36.6,3.593869925,2.90643878,12963.74396
3545,2016,YR2016,Germany,DEU,31.9,4.839230061,2.229999868,51879.672589999995
3546,2016,YR2016,Ghana,GHA,43.5,4.528840065,3.373465725,4712.514354999999
3557,2016,YR2016,Honduras,HND,49.8,5.159619808,3.8929721969999997,5395.614551
3559,2016,YR2016,Hungary,HUN,30.3,4.620490074,2.1399957119999997,28170.82136
3560,2016,YR2016,Iceland,ISL,27.2,7.432199955,6.303687107000001,54665.763920000005
3562,2016,YR2016,Indonesia,IDN,38.6,3.5,5.033069183,10531.11097
3563,2016,YR2016,"Iran, Islamic Rep.",IRN,40.0,3.365760088,13.39624262,14205.211630000002
3565,2016,YR2016,Ireland,IRL,32.8,3.731739998,2.042232527,72150.03997
3567,2016,YR2016,Israel,ISR,39.0,5.863269806,3.8265748719999997,38234.724480000004
3568,2016,YR2016,Italy,ITA,35.2,3.815789938,1.293462732,40837.73763
3572,2016,YR2016,Kazakhstan,KAZ,27.2,2.978100061,1.1,24210.86296
3576,2016,YR2016,"Korea, Rep.",KOR,31.4,4.333099842,2.946881715,39814.65893
3579,2016,YR2016,Kyrgyz Republic,KGZ,26.8,6.586150169,4.335855917,4912.382484000001
3581,2016,YR2016,Latvia,LVA,34.3,4.659530163,2.372924128,27503.1773
3584,2016,YR2016,Liberia,LBR,35.3,2.14812994,-1.599584075,1516.355714
3587,2016,YR2016,Lithuania,LTU,38.4,4.004310131,2.518828273,31925.80342
3591,2016,YR2016,Malawi,MWI,44.7,4.748569965,2.484040626,1428.423917
3593,2016,YR2016,Maldives,MDV,31.3,3.68701005,6.33752979,17584.14754
3595,2016,YR2016,Malta,MLT,29.1,5.084459782,4.090917429,40536.71818
3599,2016,YR2016,Mexico,MEX,46.3,4.90681982,2.630532425,19539.26125
3601,2016,YR2016,Moldova,MDA,26.3,5.608449936,4.408886723999999,10942.550870000001
3603,2016,YR2016,Mongolia,MNG,32.3,5.18061018,1.168393456,10940.41865
3611,2016,YR2016,Netherlands,NLD,28.2,5.479599952999999,2.191713719,53847.82655
3619,2016,YR2016,Norway,NOR,28.5,8.030550003,1.071558977,63104.10039
3623,2016,YR2016,Panama,PAN,50.4,2.846080065,4.953211423,29332.414539999998
3626,2016,YR2016,Peru,PER,43.6,3.8131699560000003,3.953318715,12403.68714
3628,2016,YR2016,Poland,POL,31.2,4.6333999630000005,3.141731229,28682.69393
3632,2016,YR2016,Romania,ROU,34.4,2.979890108,4.7029977469999995,25145.01335
3633,2016,YR2016,Russian Federation,RUS,36.8,3.7604401110000003,0.193690072,25490.70826
3634,2016,YR2016,Rwanda,RWA,43.7,3.4367299080000002,5.970744298,1950.5262649999997
3640,2016,YR2016,Serbia,SRB,38.8,3.63470006,3.338586765,16182.82169
3645,2016,YR2016,Slovak Republic,SVK,25.2,3.911070108,2.132727784,29250.118039999998
3646,2016,YR2016,Slovenia,SVN,24.8,4.792669773,3.191852518,34853.04212
3651,2016,YR2016,Spain,ESP,35.8,4.227640152,3.03130133,38477.57918
3652,2016,YR2016,Sri Lanka,LKA,39.3,3.449199915,4.486634531,12287.47307
3654,2016,YR2016,St. Lucia,LCA,51.2,5.2082800869999994,3.986868948,14516.242119999999
3659,2016,YR2016,Sweden,SWE,29.6,7.6186199189999995,2.0705931509999997,51334.43203
3660,2016,YR2016,Switzerland,CHE,33.0,4.926459789,2.045186469,68663.24382
3664,2016,YR2016,Thailand,THA,36.9,3.637520075,3.435157717,16782.09867
3674,2016,YR2016,Uganda,UGA,42.8,2.147109985,4.781000291000001,2075.011666
3675,2016,YR2016,Ukraine,UKR,25.0,5.00977993,2.235067619,11534.638
3677,2016,YR2016,United Kingdom,GBR,34.8,5.418940067,1.722385904,45268.73045
3679,2016,YR2016,Uruguay,URY,39.7,4.3808598519999995,1.6897981640000002,22724.02213
3683,2016,YR2016,Vietnam,VNM,35.3,4.344810009,6.210811668,6767.778831999999
3685,2016,YR2016,West Bank and Gaza,PSE,33.7,4.982960224,8.86461882,6438.93364
3690,2017,YR2017,Albania,ALB,33.2,3.611720085,3.802197488,12770.975040000001
3696,2017,YR2017,Argentina,ARG,41.1,5.454319954,2.818502978,23597.11775
3697,2017,YR2017,Armenia,ARM,33.6,2.7075901030000002,7.500000002,12115.139290000001
3700,2017,YR2017,Austria,AUT,29.7,5.371890068,2.399587603,54169.96399
3706,2017,YR2017,Belarus,BLR,25.4,4.794990063,2.5321835,18280.19892
3707,2017,YR2017,Belgium,BEL,27.4,6.425340176000001,1.621547198,50442.27054
3711,2017,YR2017,Bhutan,BTN,37.4,7.225739956,4.651834675,11142.47467
3715,2017,YR2017,Brazil,BRA,53.3,6.32047987,1.322869055,14524.61354
3718,2017,YR2017,Bulgaria,BGR,40.4,4.091020107,3.50275153,21387.27664
3729,2017,YR2017,Chile,CHL,44.4,5.419660091,1.184544707,24470.70362
3731,2017,YR2017,Colombia,COL,49.7,4.535510063,1.3593608680000002,14171.3205
3735,2017,YR2017,Costa Rica,CRI,48.3,7.0698099139999995,4.1576989630000005,20347.03477
3737,2017,YR2017,Croatia,HRV,30.4,3.905669928,3.439217352,26800.118980000003
3740,2017,YR2017,Cyprus,CYP,31.4,5.754169941000001,5.154777146,38050.85774
3741,2017,YR2017,Czech Republic,CZE,24.9,3.806159973,5.1687243039999995,38824.88792
3742,2017,YR2017,Denmark,DNK,28.7,7.752439976000001,2.8217363410000003,55356.680779999995
3743,2017,YR2017,Djibouti,DJI,41.6,3.748559952,5.403099843,4885.205039
3745,2017,YR2017,Dominican Republic,DOM,42.2,3.920269966,4.666704677,16735.364419999998
3746,2017,YR2017,Ecuador,ECU,44.7,4.614260197,2.368386526,11617.91222
3748,2017,YR2017,El Salvador,SLV,38.0,3.725229979,2.252358774,8454.055551000001
3751,2017,YR2017,Estonia,EST,30.4,4.956299782,5.792044675,33821.93291
3756,2017,YR2017,Finland,FIN,27.4,6.363110065,3.19240963,47570.13358
3757,2017,YR2017,France,FRA,31.6,5.451600075,2.291419994,44577.06457
3759,2017,YR2017,Gabon,GAB,38.0,3.326809883,0.472642031,15006.84404
3761,2017,YR2017,Georgia,GEO,37.9,3.574429989,4.842603225,13589.707390000001
3765,2017,YR2017,Greece,GRC,34.4,3.47220993,1.2808248340000001,28645.04362
3774,2017,YR2017,Honduras,HND,49.4,4.937019825,4.842913911,5561.994542
3776,2017,YR2017,Hungary,HUN,30.6,4.619729996,4.316780987,29465.126239999998
3777,2017,YR2017,Iceland,ISL,26.1,7.583859921,4.194948828999999,55638.492060000004
3779,2017,YR2017,Indonesia,IDN,38.1,2.669980049,5.069785901,10935.63172
3780,2017,YR2017,"Iran, Islamic Rep.",IRN,40.8,3.790400028,3.755196452,14535.873580000001
3782,2017,YR2017,Ireland,IRL,31.4,3.4688498969999997,8.940012772000001,77749.20196
3785,2017,YR2017,Italy,ITA,35.9,4.044939995,1.667859041,41581.12079
3789,2017,YR2017,Kazakhstan,KAZ,27.5,2.750819921,4.1,24862.966119999997
3796,2017,YR2017,Kyrgyz Republic,KGZ,27.3,6.0261898039999995,4.739937225,5046.691535
3798,2017,YR2017,Latvia,LVA,35.6,4.370299816,3.25072029,28650.007760000004
3800,2017,YR2017,Lesotho,LSO,44.9,8.156889915,-3.1419499460000004,2668.291425
3804,2017,YR2017,Lithuania,LTU,37.3,3.8122000689999997,4.282596951,33761.87124
3805,2017,YR2017,Luxembourg,LUX,34.5,3.569590092,1.801180955,112308.1738
3812,2017,YR2017,Malta,MLT,29.2,4.651629925,8.119425289,42644.05085
3815,2017,YR2017,Mauritius,MUS,36.8,5.02312994,3.814152115,21415.11611
3818,2017,YR2017,Moldova,MDA,25.9,5.618440151000001,4.69079339,11651.31745
3824,2017,YR2017,Myanmar,MMR,30.7,2.087680101,6.404977325,4739.915445000001
3828,2017,YR2017,Netherlands,NLD,28.5,5.17509985,2.910902513,55088.6338
3836,2017,YR2017,Norway,NOR,27.0,7.911980152000001,2.323258407,64050.75617000001
3840,2017,YR2017,Panama,PAN,49.9,2.8822400569999997,5.591148876,30446.83723
3842,2017,YR2017,Paraguay,PRY,48.5,3.08968997,4.8100788560000005,12590.54844
3843,2017,YR2017,Peru,PER,43.3,3.931309938,2.518835442,12506.52938
3845,2017,YR2017,Poland,POL,29.7,4.558460236,4.83065457,30064.50348
3846,2017,YR2017,Portugal,PRT,33.8,5.015610218,3.506345285,33044.716739999996
3849,2017,YR2017,Romania,ROU,36.0,3.095390081,7.319448529,27141.91933
3850,2017,YR2017,Russian Federation,RUS,37.2,4.689909935,1.825790064,25926.44385
3854,2017,YR2017,Sao Tome and Principe,STP,56.3,5.036369801,3.848980918,3952.945394
3857,2017,YR2017,Serbia,SRB,36.2,3.7101600169999998,2.101163847,16611.01686
3863,2017,YR2017,Slovenia,SVN,24.2,4.780779839,4.815380632,36507.55304
3868,2017,YR2017,Spain,ESP,34.7,4.207779884,2.973641191,39528.92539
3876,2017,YR2017,Sweden,SWE,28.8,7.5688300129999995,2.567924525,51947.95425
3877,2017,YR2017,Switzerland,CHE,32.7,4.9515700339999995,1.5848196159999999,69103.57026000001
3880,2017,YR2017,Tanzania,TZA,40.5,4.430510044,6.785680114,2530.603317
3881,2017,YR2017,Thailand,THA,36.5,3.3557300569999997,4.177681032,17422.95235
3892,2017,YR2017,Ukraine,UKR,26.0,5.412260056,2.466035625,11871.12362
3894,2017,YR2017,United Kingdom,GBR,35.1,5.444180012,1.7403094430000001,45744.71049
3896,2017,YR2017,Uruguay,URY,39.5,4.485839844,1.6277539730000001,23009.87423
3905,2017,YR2017,Zimbabwe,ZWE,44.3,5.381060122999999,4.699399849,3274.611198
3911,2018,YR2018,Angola,AGO,51.3,2.044699907,-2.003629727,6933.499934
3913,2018,YR2018,Argentina,ARG,41.3,4.945519924,-2.565351882,22759.398559999998
3914,2018,YR2018,Armenia,ARM,34.4,2.255870104,5.2,12715.10895
3917,2018,YR2018,Austria,AUT,30.8,5.225359917,2.580120733,55297.61829
3923,2018,YR2018,Belarus,BLR,25.2,5.381110191,3.149197594,18885.2355
3924,2018,YR2018,Belgium,BEL,27.2,6.3766398429999995,1.7879200780000002,51110.95847
3932,2018,YR2018,Brazil,BRA,53.9,6.088510036000001,1.7836667609999999,14668.256159999999
3948,2018,YR2018,Colombia,COL,50.4,4.449100018,2.564324283,14314.855580000001
3952,2018,YR2018,Costa Rica,CRI,48.0,6.779069901000001,2.05620273,20559.86043
3958,2018,YR2018,Czech Republic,CZE,25.0,4.26692009,3.198656101,39932.99219
3962,2018,YR2018,Dominican Republic,DOM,43.7,3.9284899230000003,6.982527585,17711.79553
3963,2018,YR2018,Ecuador,ECU,45.4,4.621459961,1.289291933,11561.74785
3965,2018,YR2018,El Salvador,SLV,38.6,3.605750084,2.412371287,8614.017959
3968,2018,YR2018,Estonia,EST,30.3,5.238870144,4.133819798,35097.7041
3973,2018,YR2018,Finland,FIN,27.3,6.269299984,1.141947509,48049.58378
3974,2018,YR2018,France,FRA,32.4,5.413169861,1.865066071,45284.00279
3978,2018,YR2018,Georgia,GEO,36.4,3.52105999,4.842919885,14253.40899
3982,2018,YR2018,Greece,GRC,32.9,3.593950033,1.5589776519999998,29150.694489999998
3991,2018,YR2018,Honduras,HND,48.9,6.056469917,3.84499477,5680.362884
3993,2018,YR2018,Hungary,HUN,29.6,4.627309799,5.399709209,31095.5575
3996,2018,YR2018,Indonesia,IDN,37.8,3.0,5.17429154,11371.725559999999
3997,2018,YR2018,"Iran, Islamic Rep.",IRN,42.0,3.9553599360000002,-6.025971802999999,13471.86064
4006,2018,YR2018,Kazakhstan,KAZ,27.8,2.6159501080000003,4.1,25544.34476
4013,2018,YR2018,Kyrgyz Republic,KGZ,27.7,5.552670002,3.7579101280000002,5133.1519149999995
4015,2018,YR2018,Latvia,LVA,35.1,4.245170116000001,4.024311045,30036.08655
4021,2018,YR2018,Lithuania,LTU,35.7,3.894959927,3.9368459010000003,35427.46186
4022,2018,YR2018,Luxembourg,LUX,35.4,3.6662600039999997,3.110836266,113589.6705
4033,2018,YR2018,Mexico,MEX,45.4,4.254429817,2.194992049,19928.39566
4035,2018,YR2018,Moldova,MDA,25.7,5.4397301670000004,4.301477741999999,12363.146840000001
4037,2018,YR2018,Mongolia,MNG,32.7,6.1730198860000005,7.246629636000001,11915.55675
4045,2018,YR2018,Netherlands,NLD,28.1,5.357649803,2.360915095,56060.913629999995
4053,2018,YR2018,Norway,NOR,27.6,7.644110202999999,1.118828827,64341.2589
4057,2018,YR2018,Panama,PAN,49.2,2.88293004,3.598112758,31012.94615
4059,2018,YR2018,Paraguay,PRY,46.0,3.2832000260000003,3.2042503410000003,12827.70802
4060,2018,YR2018,Peru,PER,42.4,3.714299917,3.96915687,12781.41644
4061,2018,YR2018,Philippines,PHL,42.3,3.1331000330000003,6.341485571000001,8516.136548999999
4062,2018,YR2018,Poland,POL,30.2,4.615799904,5.353704746,31674.13162
4063,2018,YR2018,Portugal,PRT,33.5,4.6751599310000005,2.8493264610000004,34040.72556
4066,2018,YR2018,Romania,ROU,35.8,3.344749928,4.474523775,28523.47318
4067,2018,YR2018,Russian Federation,RUS,37.5,4.678199768,2.80724541,26656.40954
4075,2018,YR2018,Seychelles,SYC,32.1,4.498839855,1.327618768,27342.16165
4076,2018,YR2018,Sierra Leone,SLE,35.7,6.989630222000001,3.446162621,1663.29348
4079,2018,YR2018,Slovak Republic,SVK,25.0,3.975830078,3.650123358,31132.572969999997
4080,2018,YR2018,Slovenia,SVN,24.6,4.936039925,4.4225215680000005,37984.13292
4085,2018,YR2018,Spain,ESP,34.7,4.178160191,2.288785676,40256.95248
4093,2018,YR2018,Sweden,SWE,30.0,7.640840054,1.950022846,52349.29243
4094,2018,YR2018,Switzerland,CHE,33.1,4.86093998,2.916905098,70597.29207000001
4098,2018,YR2018,Thailand,THA,36.4,3.056770086,4.189585496,18095.736569999997
4104,2018,YR2018,Turkey,TUR,41.9,4.29460001,2.958966728,28312.683419999998
4109,2018,YR2018,Ukraine,UKR,26.1,5.319479942,3.405295518,12338.00245
4113,2018,YR2018,Uruguay,URY,39.7,4.662799835,0.477907184,23035.08339
4117,2018,YR2018,Vietnam,VNM,35.7,4.167449951,7.075788617000001,7585.943155
4130,2019,YR2019,Argentina,ARG,42.9,4.802370071,-2.088014861,22063.90437
4131,2019,YR2019,Armenia,ARM,29.9,2.561850071,7.599999999,13653.76338
4140,2019,YR2019,Belarus,BLR,25.3,4.97947979,1.4,19283.11715
4165,2019,YR2019,Colombia,COL,51.3,4.506219864,3.281116805,14585.30249
4169,2019,YR2019,Costa Rica,CRI,48.2,6.808790207,2.1679518069999997,20805.34368
4179,2019,YR2019,Dominican Republic,DOM,41.9,4.0427699089999996,5.05216802,18412.89999
4180,2019,YR2019,Ecuador,ECU,45.7,4.225659847,0.012105103,11370.6033
4182,2019,YR2019,El Salvador,SLV,38.8,3.3851599689999996,2.635146667,8796.062064
4195,2019,YR2019,Georgia,GEO,35.9,3.8086400030000003,4.982350475,14989.25816
4208,2019,YR2019,Honduras,HND,48.2,4.912849903,2.653066255,5736.181633
4213,2019,YR2019,Indonesia,IDN,38.2,2.841850042,5.018159715,11811.975559999999
4230,2019,YR2019,Kyrgyz Republic,KGZ,29.7,5.3667497630000005,4.600625657,5258.366696
4274,2019,YR2019,Panama,PAN,49.8,3.1273601060000003,3.0397502110000003,31432.113269999998
4276,2019,YR2019,Paraguay,PRY,45.7,3.469710112,-0.401855101,12615.52865
4277,2019,YR2019,Peru,PER,41.5,3.819960117,2.203974749,12853.692070000001
4315,2019,YR2019,Thailand,THA,34.9,2.9689800739999996,2.266433672,18453.46982
4326,2019,YR2019,Ukraine,UKR,26.6,5.439650059,3.221483145,12808.798999999999
4330,2019,YR2019,Uruguay,URY,39.7,4.683320045,0.35044715299999996,23032.73404
