country,year,taxburden,gdppc,taxrev,category,taxrpc
Argentina,2013,64.3,20131.6804246983,12.4529027558077,Spanish,250697.86
Argentina,2014,63.5,19683.7715056442,12.6109666067191,Spanish,248231.39
Argentina,2015,66.8,20105.1989918165,12.3365069418291,Spanish,248027.92
Argentina,2016,66.09999999999989,20307.870052142,12.0972836411962,Spanish,245670.06
Argentina,2017,62.6119,23597.117752839,10.939623860491,Spanish,258143.59
Argentina,2018,65.7,23293.3986337639,9.99239008384335,Spanish,232756.72
Argentina,2019,69.3,22999.2750525577,10.4759215719336,Spanish,240938.61
Armenia,2013,88,9835.802460919849,21.5862138752919,Russian,212317.73
Armenia,2014,86.5,10036.8898405952,21.5991745525223,Russian,216788.53
Armenia,2015,84.40000000000001,9969.664853978231,20.931220827141,Russian,208677.25
Armenia,2016,83.8,10704.2297624759,21.2773752756378,Russian,227757.91
Armenia,2017,83.7175,12115.1392902637,20.7806533587524,Russian,251760.52
Armenia,2018,84.7,13020.3963185992,20.8701039031814,Russian,271737.03
Armenia,2019,84.7,14231.1801885329,22.2851709900772,Russian,317144.28
Azerbaijan,2013,85.5,17188.9455056612,13.3883331614589,Russian,230131.33
Azerbaijan,2014,88.09999999999989,17443.8782563093,14.2125356482603,Russian,247921.73
Azerbaijan,2015,88.09999999999989,14938.4011276715,15.6031629275469,Russian,233086.31
Azerbaijan,2016,88,14371.0227410092,14.5555165725558,Russian,209177.66
Azerbaijan,2017,87.7336,14121.4069355591,13.1640455061148,Russian,185894.84
Azerbaijan,2018,87.5,14550.7628169318,12.9712717874444,Russian,188741.91
Azerbaijan,2019,87.5,15052.7938701564,14.2188526451777,Russian,214033.45
Belarus,2013,88.8,18994.1901887615,13.3549628478795,Russian,253666.7
Belarus,2014,89.2,19008.0610153147,12.6977245264198,Russian,241359.13
Belarus,2015,86.40000000000001,18095.6651782737,14.1730944654204,Russian,256471.58
Belarus,2016,88.59999999999989,17785.9431970966,13.7882356123814,Russian,245236.78
Belarus,2017,89.78,18356.1007741722,13.0190056104974,Russian,238978.17
Belarus,2018,89.8,19430.2787724315,14.6725689698389,Russian,285092.09
Belarus,2019,89.40000000000001,20094.5258122074,13.3015061393462,Russian,267287.47
Colombia,2013,76.09999999999989,12727.764931531,14.0221143464507,Spanish,178470.17
Colombia,2014,80.59999999999989,13307.4245015783,15.6997483720014,Spanish,208923.22
Colombia,2015,80.3,13265.7972569151,15.797262655066,Spanish,209563.28
Colombia,2016,80.09999999999989,13812.0960563446,14.3852129298513,Spanish,198689.94
Colombia,2017,80.0711,14171.3205005648,14.8508184081791,Spanish,210455.7
Colombia,2018,80.3,14865.8932403218,14.79105095976,Spanish,219882.19
Colombia,2019,74.3,15621.0873671586,15.0713701428732,Spanish,235431.19
"Egypt, Arab Rep.",2013,85.59999999999989,11221.3803859221,13.4980649322726,British,151466.92
"Egypt, Arab Rep.",2014,85.59999999999989,10895.9431672625,12.2201408450704,British,133149.95
"Egypt, Arab Rep.",2015,85.8,11512.4021442637,12.5192110970171,British,144126.19
Estonia,2013,79.7,27464.5186781161,20.1672231040236,Russian,553883.06
Estonia,2014,80.40000000000001,28945.4653303277,20.7473718622286,Russian,600542.31
Estonia,2015,80.59999999999989,29175.9259267894,21.6706972617707,Russian,632262.69
Estonia,2016,81.90000000000001,31312.7522996878,21.7746900736669,Russian,681825.5
Estonia,2017,81.1759,33821.93290847,20.941809328623,Russian,708292.5
Estonia,2018,80.7,36158.8196517341,21.0521659656741,Russian,761221.5
Estonia,2019,79.90000000000001,38294.4773615386,21.3177851522539,Russian,816353.44
Fiji,2013,78,9536.326349107379,23.4756627460653,British,223871.58
Fiji,2014,82.3,11346.9457863033,22.6437560927569,British,256937.47
Fiji,2015,81.3,12412.3506858719,23.615705626519,British,293126.41
Fiji,2016,81.2,12631.9122008691,23.5346235421212,British,297287.31
Fiji,2017,80.67309999999991,13429.3006222384,24.669942067799,British,331300.06
Fiji,2018,81.40000000000001,14178.5633985018,23.993353427438,British,340191.28
Fiji,2019,81.09999999999989,14262.9995440375,22.6767801308766,British,323438.91
Georgia,2013,88.2,10611.7741169939,22.483046609147,Russian,238585.02
Georgia,2014,87.3,11575.547210705,22.4768667266418,Russian,260182.03
Georgia,2015,87.2,12089.1694050447,22.7514365699131,Russian,275045.97
Georgia,2016,87.59999999999989,12858.4834001898,23.5034602076125,Russian,302218.84
Georgia,2017,87.34909999999989,13589.7073915159,23.3401044119956,Russian,317185.19
Georgia,2018,87,14595.6306437119,22.430795033117,Russian,327391.59
Georgia,2019,87.09999999999989,15623.1529588881,23.1173329727924,Russian,361165.63
Guatemala,2013,79.59999999999989,7446.58800936721,11.1022938902238,Spanish,82674.211
Guatemala,2014,79.59999999999989,7758.49316980639,10.777815919786,Spanish,83619.609
Guatemala,2015,79.59999999999989,8194.44068126819,10.3582515698864,Spanish,84880.078
Guatemala,2016,79.09999999999989,8221.74642722194,10.4215148794664,Spanish,85683.055
Guatemala,2017,79.2175,8322.21680991504,10.6355739727646,Spanish,88511.555
Guatemala,2018,79.2,8665.347260973011,10.5781802592295,Spanish,91663.602
Guatemala,2019,79.2,9019.25606239135,10.456023917976,Spanish,94305.555
India,2013,78.3,5057.23341374821,11.0016256942917,British,55637.789
India,2014,79.40000000000001,5233.88234251319,9.984654190713121,British,52258.504
India,2015,79.40000000000001,5464.85917800941,10.5697090519718,British,57761.973
India,2016,77.09999999999989,5839.86481675337,11.1477384183764,British,65101.285
India,2017,77.172764,6182.92210857444,11.3874439798131,British,70407.68
India,2018,79.40000000000001,6675.36129410783,12.0255158685117,British,80274.664
Iraq,2014,95.5,13888.076375953,.91477329322806,British,12704.441
Iraq,2015,,9763.90409031016,1.32119614893692,British,12900.032
Iraq,2016,,9428.60662077185,2.07780523585979,British,19590.809
Iraq,2017,,10526.3709148753,2.68703020692064,British,28284.676
Iraq,2018,,10809.4724101413,1.98400716286706,British,21446.07
Iraq,2019,,11398.043737084,1.33623722358728,British,15230.49
Ireland,2013,73.8,47830.6308878373,22.9152108630177,British,1096049
Ireland,2014,74,51098.2666828245,23.1384623649356,British,1182335.4
Ireland,2015,73.59999999999989,69028.7727189836,18.7827703758574,British,1296551.6
Ireland,2016,73.59999999999989,71498.6010072841,19.0549825424419,British,1362404.6
Ireland,2017,72.6874,77749.2019569363,18.2991701971235,British,1422745.9
Ireland,2018,76.09999999999989,84665.6062347313,18.130297170773,British,1535012.6
Ireland,2019,76.3,89550.72665699611,17.7294655569315,British,1587686.5
Italy,2013,55.5,36314.6971007775,25.1389039339171,Spanish,912911.69
Italy,2014,55.5,36194.873918843,24.8410721949095,Spanish,899119.5
Italy,2015,54.2,36899.3852092463,24.739527170909,Spanish,912873.31
Italy,2016,55.8,39926.9546628592,25.0703095459877,Spanish,1000981.1
Italy,2017,54.9378999999999,41581.120790548,24.683679444024,Spanish,1026375.1
Italy,2018,55.2,43119.3531893367,24.236769382167,Spanish,1045073.8
Italy,2019,55.6,44950.9340259656,24.5916996766847,Spanish,1105419.9
Jamaica,2013,77.5,8442.983667431021,24.0092921973108,British,202710.06
Jamaica,2014,77.2,8545.102836699671,24.0532148308844,British,205537.19
Jamaica,2015,81.5,8792.056956946861,24.8153092563686,British,218177.61
Jamaica,2016,81.7,9194.15673929581,26.0266694669571,British,239293.28
Jamaica,2017,80.9975,9600.10474580389,26.2210037607905,British,251724.38
Jamaica,2018,80,9968.59449282081,26.7810665699502,British,266969.59
Jamaica,2019,80.2,10190.4746507783,27.4539417450804,British,279768.69
Kazakhstan,2013,93.2,24504.7660856694,16.0301777646187,Russian,392815.75
Kazakhstan,2014,92.90000000000001,24726.4728671586,14.1934327397187,Russian,350953.53
Kazakhstan,2015,93.2,23224.1178353573,9.8357115521941,Russian,228425.72
Kazakhstan,2016,93,23818.8248260141,9.92425019653,Russian,236383.98
Kazakhstan,2017,93.2576,24862.9661245889,10.3030113756124,Russian,256163.42
Kazakhstan,2018,92.59999999999989,26157.6596496269,11.7177995865876,Russian,306510.22
Kazakhstan,2019,93.40000000000001,27466.2206186576,11.78694274063,Russian,323742.78
Kyrgyz Republic,2014,94.59999999999989,4281.82407398556,17.5486530868942,Russian,75140.242
Kyrgyz Republic,2015,93.59999999999989,4214.82950886186,16.801668055009,Russian,70816.164
Kyrgyz Republic,2016,93.7,4681.17473284248,16.9491731803417,Russian,79342.039
Kyrgyz Republic,2017,93.66926419423601,5046.69153549095,17.0462850607483,Russian,86027.344
Kyrgyz Republic,2018,93.8,5256.39792245424,17.998857013595,Russian,94609.156
Kyrgyz Republic,2019,94.09999999999989,5480.7426980282,16.8640679486618,Russian,92427.617
Latvia,2013,84.40000000000001,22639.0683375842,21.7488071672952,Russian,492372.72
Latvia,2014,84.59999999999989,23815.8000623115,22.0432731505453,Russian,524978.19
Latvia,2015,84.40000000000001,24972.7860869932,22.3698772723205,Russian,558638.19
Latvia,2016,84.8,26721.7261996962,23.4880322466525,Russian,627640.75
Latvia,2017,84.7316,28673.5633962664,23.468703276765,Russian,672931.38
Latvia,2018,84,30811.0717912799,22.8119342870269,Russian,702860.13
Latvia,2019,77,32240.8070186573,21.2707603988284,Russian,685786.5
Lithuania,2013,92.8,26721.5796712844,15.6012146391986,Russian,416889.09
Lithuania,2014,92.90000000000001,28184.4723303858,15.8363378502208,Russian,446338.81
Lithuania,2015,92.90000000000001,28834.4276801135,16.6948626853888,Russian,481386.81
Lithuania,2016,92.90000000000001,30925.1708493589,16.9315977516197,Russian,523612.56
Lithuania,2017,86.9151,33761.871239796,16.6338953480244,Russian,561591.44
Lithuania,2018,86.40000000000001,36365.3604906639,16.7633440048065,Russian,609605.06
Lithuania,2019,86.40000000000001,38805.7494336426,19.8311763825815,Russian,769563.69
Luxembourg,2013,65,100925.011992241,24.5467408775759,Spanish,2477380
Luxembourg,2014,62.8,105296.284588232,24.7434367479556,Spanish,2605392
Luxembourg,2015,62.3,107859.685999308,23.2234889745364,Spanish,2504878.3
Luxembourg,2016,61.1,113365.176082265,23.7525029324972,Spanish,2692706.8
Luxembourg,2017,64.5,114985.842235989,24.4280368659589,Spanish,2808878.5
Luxembourg,2018,65.09999999999989,117245.278888845,26.6485654947733,Spanish,3124418.5
Luxembourg,2019,65.40000000000001,119415.469772879,26.5815049673095,Spanish,3174243
Malaysia,2013,85.09999999999989,23477.9911663813,15.310235280489,British,359453.56
Malaysia,2014,84.59999999999989,24607.6687337619,14.8407907140268,British,365197.25
Malaysia,2015,84.40000000000001,24801.8884320151,14.0568621293393,British,348636.72
Malaysia,2016,85,25546.1295181653,13.5507251724192,British,346168.59
Malaysia,2017,85.3095999999999,26661.5074160333,12.9459662411797,British,345158.97
Malaysia,2018,85.59999999999989,28239.5000837184,12.0226628283914,British,339514
Malaysia,2019,85.59999999999989,29623.4051587405,11.9330416605521,British,353497.31
Malta,2013,61.2,32295.8785989372,25.7381548741012,British,831236.31
Malta,2014,63.7,34344.1114460945,25.9932863312529,British,892716.31
Malta,2015,63.1,37455.0705857175,24.3383575630218,British,911594.88
Malta,2016,63.9,39886.9498046529,25.1145813638203,British,1001744.1
Malta,2017,62.8263999999999,42644.0508459903,25.5525588216747,British,1089664.6
Malta,2018,64.7,44482.2396843652,25.7674973462746,British,1146196
Malta,2019,64.2,46766.7666801313,25.5004385895573,British,1192573
Mexico,2013,81.09999999999989,17373.8974567258,10.294578624308,Spanish,178856.95
Mexico,2014,80.90000000000001,18056.7898061476,10.6256050549437,Spanish,191864.31
Mexico,2015,77.8,18301.5004690469,12.7823935220231,Spanish,233936.98
Mexico,2016,74.90000000000001,19323.6658689896,13.5343603549909,Spanish,261533.45
Mexico,2017,74.8691,19721.2609759241,13.0356726825138,Spanish,257079.91
Mexico,2018,75.7,20258.8104526538,13.0646377793546,Spanish,264674.03
Mexico,2019,75.8,20456.9643661642,13.1423853465962,Spanish,268853.31
Moldova,2013,87.2,8381.67183313924,15.4696359631486,Russian,129661.41
Moldova,2014,85.8,8827.05410758548,16.637494863151,Russian,146860.06
Moldova,2015,85.09999999999989,9254.84860512976,16.4012368212384,Russian,151790.97
Moldova,2016,85.40000000000001,10610.4778427993,16.2457922654319,Russian,172375.63
Moldova,2017,86.0784,11651.3174546862,17.4426122320836,Russian,203229.41
Moldova,2018,85.3,12659.983658527,17.6916295246373,Russian,223975.73
Moldova,2019,85.40000000000001,13577.4065771993,17.31036033736,Russian,235029.8
Morocco,2013,71.40000000000001,6916.01303173881,22.3490893564297,Spanish,154566.59
Morocco,2014,71.3,6609.60910787755,22.0269511132987,Spanish,145589.53
Morocco,2015,70.90000000000001,7024.96308902663,21.2114989855756,Spanish,149010
Morocco,2016,71.5,7113.00459986287,21.4558870095265,Spanish,152615.83
Morocco,2017,71.72,7312.05677903856,21.755347231022,Spanish,159076.33
Morocco,2018,70.5,7625.73575260725,21.8741833125173,Spanish,166806.73
Morocco,2019,72.2,7856.24505739729,21.4178488698103,Spanish,168263.88
Myanmar,2013,81.90000000000001,3782.57259536657,5.87126578071308,British,22208.488
Myanmar,2014,86.90000000000001,4009.96256191736,6.17905293919084,British,24777.771
Myanmar,2015,86.90000000000001,4105.44337698664,6.33041734413939,British,25989.17
Myanmar,2016,86.59999999999989,4031.17973614038,7.70519610658228,British,31061.031
Myanmar,2017,,4224.54503061412,6.58100940372646,British,27801.771
Myanmar,2018,,4575.13099039776,2.97848674879625,British,13626.967
Myanmar,2019,,4940.15249914319,6.4392728287842,British,31810.99
Netherlands,2013,52.1,49241.5178406305,19.6920947880502,Spanish,969668.63
Netherlands,2014,51.7,49233.2153954401,20.6364286139734,Spanish,1015997.8
Netherlands,2015,51.8,50288.5913949377,21.1606242246467,Spanish,1064138
Netherlands,2016,52.7,52288.4150841353,21.9051101382534,Spanish,1145383.5
Netherlands,2017,53.2411,55088.6338006744,23.0855413427696,Spanish,1271750.9
Netherlands,2018,52.5,57901.0970130477,23.0563304034822,Spanish,1334986.9
Netherlands,2019,51.6,59675.1803357065,24.0212531747545,Spanish,1433472.6
Nicaragua,2013,78.7,4610.29898129055,15.0204253673627,Spanish,69248.648
Nicaragua,2014,78.59999999999989,4941.6997020079,15.3162663787317,Spanish,75688.391
Nicaragua,2015,78.40000000000001,5293.87046224287,15.5895883603149,Spanish,82529.258
Nicaragua,2016,78,5694.05428740789,16.1664462040546,Spanish,92052.625
Nicaragua,2017,77.2039,6004.01408757341,16.573831626432,Spanish,99509.516
Nicaragua,2018,77.2,5867.24389067727,15.6994164536848,Spanish,92112.305
Nicaragua,2019,76.90000000000001,5682.21597760341,17.5430985982931,Spanish,99683.672
Paraguay,2013,95.90000000000001,11062.5587335491,8.992141631255381,Spanish,99476.094
Paraguay,2014,96.2,11454.4288765968,9.745176379653159,Spanish,111625.43
Paraguay,2015,96,11486.5231905557,9.736698600348619,Spanish,111840.81
Paraguay,2016,96.3,12041.7235427806,9.559063336604391,Spanish,115107.6
Paraguay,2017,96.17749999999999,12590.548443655,9.95647441372393,Spanish,125357.48
Paraguay,2018,96.09999999999989,13135.6988678799,10.0750585766838,Spanish,132342.94
Paraguay,2019,96.3,13149.0385702748,10.000606491674,Spanish,131498.36
Peru,2013,79.90000000000001,11295.9632644083,16.4330066930272,Spanish,185626.64
Peru,2014,79.09999999999989,11510.2788763872,16.7209266785318,Spanish,192462.53
Peru,2015,78.59999999999989,11572.3207931902,14.9196513179116,Spanish,172654.98
Peru,2016,78.5,12013.3773897006,13.7875476429229,Spanish,165635.02
Peru,2017,80.3,12506.5293750586,13.1743416510927,Spanish,164765.3
Peru,2018,80.59999999999989,13088.2958384558,14.2878152454973,Spanish,187003.16
Peru,2019,80.59999999999989,13397.2739160483,14.5160313046509,Spanish,194475.25
Russian Federation,2013,86.90000000000001,26073.8745307451,12.933492451261,Russian,337226.25
Russian Federation,2014,85.59999999999989,25761.6480209933,13.2553613046452,Russian,341479.94
Russian Federation,2015,86.09999999999989,24085.3241847947,10.6420948088217,Russian,256318.3
Russian Federation,2016,82.2,24128.0864065399,9.18312209969854,Russian,221571.16
Russian Federation,2017,81.84910000000001,25926.4438539743,10.2884056740183,Russian,266741.78
Russian Federation,2018,85.8,28681.7844582961,11.4687730024336,Russian,328944.88
Russian Federation,2019,89.40000000000001,29188.854156647,10.975123926599,Russian,320351.28
Singapore,2013,91.09999999999989,83001.78780137069,13.2712500808714,British,1101537.5
Singapore,2014,91.2,84423.19134326751,13.5565571344028,British,1144487.9
Singapore,2015,91.2,86974.74762306271,13.1397745298612,British,1142828.6
Singapore,2016,91.2,89417.34902083239,13.321225219151,British,1191148.6
Singapore,2017,90.4744,95350.43567480209,13.9870543249941,British,1333671.8
Singapore,2018,90.40000000000001,100581.158024992,13.0450907304132,British,1312090.4
Singapore,2019,90.40000000000001,102573.401768252,13.2394529857669,British,1358015.8
South Africa,2013,70.5,13606.9428955207,23.8313913802457,British,324272.38
South Africa,2014,68.7,13602.102642918,24.4319342176034,British,332325.69
South Africa,2015,69.5,13701.9453895081,25.0486927031144,British,343215.81
South Africa,2016,70.09999999999989,13748.4614158257,24.8283559884696,British,341351.69
South Africa,2017,70.2,13860.2701664709,24.0357416450334,British,333141.88
South Africa,2018,62.5,14209.0938333315,24.1188765435671,British,342707.38
South Africa,2019,62.1,14289.7600030669,24.2186201034917,British,346078.28
Spain,2017,62.5,39528.9253872668,13.7223107291971,Spanish,542428.19
Spain,2018,62,40686.9854677426,14.2328459625068,Spanish,579091.63
Spain,2019,62.3,42172.1317053122,13.7640984429935,Spanish,580461.38
Sri Lanka,2013,84.7,10852.0640424766,10.4866231718808,British,113801.51
Sri Lanka,2014,84.90000000000001,11256.8560497537,10.1375062355162,British,114116.45
Sri Lanka,2015,85,11557.4870517689,12.3799519124394,British,143081.14
Sri Lanka,2016,85.09999999999989,12224.2157651465,12.201389606995,British,149152.42
Sri Lanka,2017,85.2551,12584.1047924776,12.5312519753631,British,157694.59
Sri Lanka,2018,84.90000000000001,13169.0947047054,11.9818702025641,British,157790.39
Sri Lanka,2019,84.90000000000001,13622.8604484357,11.5561874569627,British,157428.33
Ukraine,2013,78.2,10691.7646844701,16.8986843392832,Russian,180676.75
Ukraine,2014,79.09999999999989,10743.5863638157,17.294347838416,Russian,185803.31
Ukraine,2015,78.7,10164.3273340852,20.4513654211322,Russian,207874.38
Ukraine,2016,78.59999999999989,11148.196546631,19.6301198096561,Russian,218840.44
Ukraine,2017,78.6224,11871.1236240918,20.0523676996082,Russian,238044.14
Ukraine,2018,80.2,12634.2355540514,20.1425525138036,Russian,254485.75
Ukraine,2019,81.8,13350.4823150166,19.1961400966208,Russian,256277.73
United Kingdom,2013,57,40218.7472562217,24.9168086417516,British,1002122.8
United Kingdom,2014,56.6,41580.6024876318,24.7027708694665,British,1027156.1
United Kingdom,2015,62.9,42912.8750936201,24.8021405406746,British,1064331.1
United Kingdom,2016,64.90000000000001,44635.2995586517,25.1396135548373,British,1122114.1
United Kingdom,2017,65.1224,46372.38660351,25.3097189843516,British,1173672.1
United Kingdom,2018,65.2,47863.2226960442,25.2363432334735,British,1207892.8
United Kingdom,2019,64.7,49333.7124743002,24.9067633640656,British,1228743.1
Uruguay,2013,84.2,19130.0613970595,19.041385474602,Spanish,364262.88
Uruguay,2014,77.40000000000001,20093.6240651453,18.561138538271,Spanish,372960.53
Uruguay,2015,77.09999999999989,20217.5604365641,18.5094775730046,Spanish,374216.47
Uruguay,2016,77.2,22454.3948288087,21.8249441022183,Spanish,490065.91
Uruguay,2017,77.51390000000001,23009.8742286911,18.2947500677407,Spanish,420959.91
Uruguay,2018,78,23588.1513898133,18.5602992152633,Spanish,437803.16
Uruguay,2019,77.2,24006.7869388827,18.154268227323,Spanish,435825.66
Uzbekistan,2013,90.2,6302.64724360333,13.8004798918479,Russian,86979.555
Uzbekistan,2014,90.3,6494.85994090064,13.4703929830448,Russian,87488.313
Uzbekistan,2015,90.2,6680.18470067684,13.5577540324739,Russian,90568.305
Uzbekistan,2016,90.40000000000001,6796.90489209483,13.4329630615828,Russian,91302.57
Uzbekistan,2017,90.7,6840.70986001705,11.6417474022732,Russian,79637.813
Uzbekistan,2018,91,7252.98519675475,14.1576469701894,Russian,102685.2
Uzbekistan,2019,91.3,7658.89955894696,12.6953747017566,Russian,97232.602
Zimbabwe,2015,66.59999999999989,2679.50761483742,17.6733631953313,British,47355.91
Zimbabwe,2016,60.8,2806.4690320362,15.4583408165803,British,43383.355
Zimbabwe,2017,61.0771,3795.64243109451,15.8743745304837,British,60253.449
Zimbabwe,2018,61.1,4017.2217158275,13.6031256253675,British,54646.773
Argentina,1990,,7191.10509033023,4.83851314669697,Spanish,34794.258
Argentina,1991,,8000.36230985365,5.00823654744009,Spanish,40067.707
Argentina,1992,,8713.545764074061,5.54792213441138,Spanish,48342.074
Argentina,1993,,9526.91334664213,8.01513800555669,Spanish,76359.523
Argentina,1994,,10168.750177921,8.12643722809198,Spanish,82635.711
Argentina,1995,,9963.360902315409,8.054357651723089,Spanish,80248.469
Argentina,1996,,10579.4772698476,8.17178777492906,Spanish,86453.242
Argentina,1997,,11507.8954146611,8.690086355549941,Spanish,100004.6
Argentina,1998,,11949.4186592024,9.03052618638845,Spanish,107909.54
Argentina,1999,,11581.8905140722,9.076124335591819,Spanish,105118.68
Argentina,2000,,11618.7932334926,9.622603501889049,Spanish,111803.04
Argentina,2001,,11226.8797464943,9.324898793900561,Spanish,104689.52
Argentina,2002,,10052.4882560869,9.81895834666325,Spanish,98704.961
Argentina,2003,,11025.1860988296,12.5187797002949,Spanish,138021.88
Argentina,2004,,12214.7407113551,13.1007798994386,Spanish,160022.63
Argentina,2005,,13568.7692061284,13.1031756459852,Spanish,177793.97
Argentina,2006,,14951.7289508076,12.8788866954319,Spanish,192561.63
Argentina,2007,,16570.0078336983,12.4482684483004,Spanish,206267.91
Argentina,2008,,17404.0691420333,13.3178463574032,Spanish,231784.72
Argentina,2009,,16334.7408131075,12.3830415594157,Spanish,202273.78
Argentina,2010,,18061.9343589164,12.8530426903255,Spanish,232150.81
Argentina,2011,,19322.2271236942,12.6636277012315,Spanish,244689.48
Argentina,2012,,19641.3528638347,12.9528415127413,Spanish,254411.33
Armenia,2004,,4614.86980387949,13.9964056466186,Russian,64591.59
Armenia,2005,,5455.43499457867,14.3356634088462,Russian,78207.281
Armenia,2006,,6411.81964016089,14.3959865593942,Russian,92304.469
Armenia,2007,,7551.64363563305,15.962531729107,Russian,120543.35
Armenia,2008,,8300.49198824733,17.3217587321083,Russian,143779.13
Armenia,2009,,7233.03992810233,16.5058632327843,Russian,119387.57
Armenia,2010,,7506.32190855914,17.0700513990102,Russian,128133.3
Armenia,2011,,8025.4584849173,17.2194190490991,Russian,138193.73
Armenia,2012,,9364.37529918435,17.4916420766113,Russian,163798.3
Azerbaijan,1994,,2604.80993706837,25.5591673338671,Russian,66576.773
Azerbaijan,1995,,2318.66598499433,17.9540725466304,Russian,41629.496
Azerbaijan,1996,,2367.73620175635,9.85045743980092,Russian,23323.285
Azerbaijan,1997,,2525.38006091237,10.693809961055,Russian,27005.934
Azerbaijan,1998,,2782.64722815762,12.6793349997094,Russian,35282.117
Azerbaijan,1999,,3005.22223255099,12.7334587163254,Russian,38266.875
Azerbaijan,2008,,12956.834046821,16.4211753684861,Russian,212766.44
Azerbaijan,2009,,13976.1096357098,14.1067089869809,Russian,197156.91
Azerbaijan,2010,,14677.1648204193,12.1577769928176,Russian,178441.7
Azerbaijan,2011,,14804.5744507911,12.2247609538804,Russian,180982.39
Azerbaijan,2012,,15957.7188502849,12.7786393685483,Russian,203917.94
Belarus,1992,,4924.74109918553,20.5434782608696,Russian,101171.31
Belarus,1993,,4648.04913945108,26.6395939086294,Russian,123822.14
Belarus,1994,,4196.82740223491,24.7501826561007,Russian,103872.24
Belarus,1995,,3851.68347772947,19.8876469280001,Russian,76600.922
Belarus,1996,,4045.62609197246,18.7997748111698,Russian,76056.859
Belarus,1997,,4606.52243533804,20.7345909549383,Russian,95514.359
Belarus,1998,,5072.46925512,17.1123289388046,Russian,86801.766
Belarus,1999,,5344.6582135647,16.6724761934976,Russian,89108.688
Belarus,2000,,5808.35742587087,16.6247345026167,Russian,96562.398
Belarus,2001,,6248.21138224153,15.7546642442876,Russian,98438.469
Belarus,2002,,6709.84550284634,14.2010383230738,Russian,95286.773
Belarus,2003,,7367.19377907469,17.6881219095961,Russian,130311.82
Belarus,2004,,8489.48408699124,18.3713469008917,Russian,155963.25
Belarus,2005,,9642.42979250313,20.1496562779039,Russian,194291.64
Belarus,2006,,10994.7667382994,22.2230966228065,Russian,244337.77
Belarus,2007,,12317.4565015173,23.7266987288672,Russian,292252.59
Belarus,2008,,13885.7467207654,25.3533892055523,Russian,352050.75
Belarus,2009,,14054.106018462,18.6294706290955,Russian,261820.56
Belarus,2010,,15360.1478975791,16.321438373621,Russian,250699.7
Belarus,2011,,16563.2014078209,14.5090725642403,Russian,240316.69
Belarus,2012,,18105.2867180444,14.6629750334495,Russian,265477.38
Colombia,1998,,6758.52574907649,13.7437321544523,Spanish,92887.367
Colombia,1999,,6460.90682665561,13.4769212818618,Spanish,87073.133
Colombia,2000,,6690.37375083775,11.219754185325,Spanish,75064.352
Colombia,2003,,7319.54321218707,11.2588268638482,Spanish,82409.469
Colombia,2008,,10179.2448415524,13.0315110144915,Spanish,132650.94
Colombia,2009,,10258.9708392748,12.6752273841946,Spanish,130034.79
Colombia,2010,,10731.645914959,12.1421652023674,Spanish,130305.41
Colombia,2011,,11604.102283016,14.5758811869672,Spanish,169140.02
Colombia,2012,,12018.6512847411,13.226990714276,Spanish,158970.59
"Egypt, Arab Rep.",1990,,3711.12161977448,13.2348643006263,British,49116.191
"Egypt, Arab Rep.",1991,,3792.63859345127,14.7377777777778,British,55895.066
"Egypt, Arab Rep.",1992,,3966.76214229818,18.4802300503235,British,73306.68
"Egypt, Arab Rep.",1993,,4093.87855955428,18.764175257732,British,76818.258
"Egypt, Arab Rep.",1994,,4260.96346079016,19.0474285714286,British,81160.398
"Egypt, Arab Rep.",1995,,4461.84539725326,17.6230392156863,British,78631.273
"Egypt, Arab Rep.",1996,,4675.13316125631,17.4629468177855,British,81641.602
"Egypt, Arab Rep.",1997,,4920.25443768011,15.9646483640466,British,78550.133
"Egypt, Arab Rep.",2002,,6139.67898913655,13.4077593032462,British,82319.336
"Egypt, Arab Rep.",2003,,6334.5712788004,13.3499401197605,British,84566.148
"Egypt, Arab Rep.",2004,,6648.42901856206,13.8359777457243,British,91987.516
"Egypt, Arab Rep.",2005,,7033.91892170753,14.068635097493,British,98957.641
"Egypt, Arab Rep.",2006,,7606.75573398818,15.8295127084345,British,120411.23
"Egypt, Arab Rep.",2007,,8219.48274929236,15.3498523093448,British,126167.84
"Egypt, Arab Rep.",2008,,8820.71650563293,15.3205248464545,British,135138
"Egypt, Arab Rep.",2009,,9131.49909819552,15.6613605833813,British,143011.7
"Egypt, Arab Rep.",2010,,9522.50916306002,14.1300762473065,British,134553.78
"Egypt, Arab Rep.",2011,,9686.046263877401,14.0086354022318,British,135688.3
"Egypt, Arab Rep.",2012,,11092.7432596071,12.3849047590613,British,137382.56
Estonia,1995,,6464.07492558838,22.8390173739655,Russian,147633.13
Estonia,1996,,6874.75996451001,21.8490911610692,Russian,150207.25
Estonia,1997,,7976.61168757089,21.9671891680782,Russian,175223.73
Estonia,1998,,8450.24767744531,22.1073473986806,Russian,186812.56
Estonia,1999,,8412.06677647343,20.9245903191704,Russian,176019.05
Estonia,2000,,9425.391865987051,19.6861614691059,Russian,185549.78
Estonia,2001,,10318.7242837216,19.2210782518392,Russian,198337
Estonia,2002,,11663.2715046648,19.6343150213868,Russian,229000.34
Estonia,2003,,13119.0234360351,19.8292031975569,Russian,260139.78
Estonia,2004,,14524.2842720795,20.2326596306873,Russian,293864.91
Estonia,2005,,16634.8927393745,19.100312343795,Russian,317731.66
Estonia,2006,,19319.4214911288,19.9592746075041,Russian,385601.63
Estonia,2007,,22168.2505460957,20.222989178807,Russian,448308.28
Estonia,2008,,22802.3421764634,19.3020679183809,Russian,440132.34
Estonia,2009,,20492.9510824178,21.5210231409094,Russian,441029.28
Estonia,2010,,21635.9742031175,19.8239575423901,Russian,428910.63
Estonia,2011,,24557.2361475947,19.2438732127156,Russian,472576.34
Estonia,2012,,25996.0467779508,19.9520759479908,Russian,518675.09
Fiji,1990,,4198.18563944614,22.7570707070707,British,95538.406
Fiji,1991,,4183.79321108463,21.871694417238,British,91506.648
Fiji,1992,,4484.83983419493,21.5925668634943,British,96839.203
Fiji,1993,,4623.77466132488,21.4021803766105,British,98958.859
Fiji,1994,,4894.34936884462,21.4900303018967,British,105179.72
Fiji,1995,,5057.03316187587,22.2061424086037,British,112297.2
Fiji,1996,,5335.15377846353,21.2078200321371,British,113146.98
Fiji,2004,,7035.74951726276,22.3492148047133,British,157243.48
Fiji,2005,,7272.41971049843,21.5360119047619,British,156618.92
Fiji,2006,,7573.56300502875,23.3862792496761,British,177117.45
Fiji,2010,,7914.10092561106,21.8225644213838,British,172705.98
Fiji,2011,,8263.045461942709,22.9170933172774,British,189364.98
Fiji,2012,,8839.515862235559,22.8925761350793,British,202359.3
Georgia,1995,,1883.17962314604,5.41484296030328,Russian,10197.122
Georgia,1996,,2211.25756292787,7.87643789582526,Russian,17416.832
Georgia,1997,,2568.64333036437,10.6237239017322,Russian,27288.557
Georgia,1998,,2745.29680458997,10.0157304713168,Russian,27496.152
Georgia,1999,,2924.39145540716,11.1912784236245,Russian,32727.68
Georgia,2000,,3104.51566879805,11.4014330393341,Russian,35395.926
Georgia,2001,,3377.05112661188,11.8046748576566,Russian,39864.992
Georgia,2002,,3650.85722618158,11.6215128755365,Russian,42428.484
Georgia,2003,,4157.87940249166,10.9223385995026,Russian,45413.766
Georgia,2004,,4545.29312196367,15.102348258909,Russian,68644.602
Georgia,2005,,5169.06242530316,16.5426085759279,Russian,85509.773
Georgia,2006,,5860.35839090633,18.5701129087231,Russian,108827.52
Georgia,2007,,6810.19084575205,20.9552895761984,Russian,142709.52
Georgia,2008,,7132.20527273598,24.2245044534965,Russian,172774.14
Georgia,2009,,6986.00455062308,23.5093961970421,Russian,164236.75
Georgia,2010,,7564.06307018208,21.4273930417568,Russian,162078.16
Georgia,2011,,8360.29720703065,23.2131152688324,Russian,194068.55
Georgia,2012,,9826.052753410861,23.6564036830681,Russian,232449.08
Georgia,2020,,14761.477073018,21.4053148501443,Russian,315974.06
Guatemala,1990,,3321.50921722786,6.86521167042449,Spanish,22802.863
Guatemala,1991,,3464.99979264553,7.32568643787739,Spanish,25383.502
Guatemala,1992,,3619.18384885971,8.31394870079594,Spanish,30089.709
Guatemala,1993,,3753.50081465673,7.81982716975758,Spanish,29351.729
Guatemala,1994,,3890.18959085535,6.76522723609661,Spanish,26318.016
Guatemala,1995,,4067.30334167488,7.71473124255776,Spanish,31378.152
Guatemala,1996,,4163.04130508954,8.529663739048461,Spanish,35509.344
Guatemala,1997,,4319.34783733149,8.69766927303715,Spanish,37568.258
Guatemala,1998,,4479.02509576865,9.371933974514659,Spanish,41977.129
Guatemala,1999,,4608.00275074067,10.2471509266561,Spanish,47218.898
Guatemala,2000,,4763.6604208456,10.0649764496874,Spanish,47946.129
Guatemala,2001,,4863.44667679621,11.0386722099797,Spanish,53685.992
Guatemala,2002,,5013.51161965312,12.0735961626442,Spanish,60531.113
Guatemala,2003,,5124.38873294152,11.8583959396845,Spanish,60767.031
Guatemala,2004,,5313.30678615953,11.7428498298475,Spanish,62393.363
Guatemala,2005,,5541.98033488998,11.3843835155732,Spanish,63092.031
Guatemala,2006,,5894.58435338262,12.0510563506017,Spanish,71035.969
Guatemala,2007,,6310.61154582917,12.2552412852976,Spanish,77338.07
Guatemala,2008,,6518.38840007268,11.4590303096883,Spanish,74694.414
Guatemala,2009,,6476.42568562952,10.5046855711114,Spanish,68032.813
Guatemala,2010,,6618.19053228711,10.6050218415249,Spanish,70186.055
Guatemala,2011,,6910.87650155221,11.0178435431948,Spanish,76142.953
Guatemala,2012,,7204.73293807874,11.0095522578867,Spanish,79320.883
India,1990,,1200.90246203572,9.99359139611536,British,12001.328
India,1991,,1229.30291354714,10.1709224201253,British,12503.145
India,1992,,1299.94595008028,9.805228442221051,British,12746.267
India,1993,,1366.77910307642,8.53523362003571,British,11665.779
India,1994,,1460.26784550526,8.98177201621707,British,13115.793
India,1995,,1573.33256175916,9.226824690752959,British,14516.863
India,1996,,1690.74477516305,9.23146869089268,British,15608.058
India,1997,,1757.51471524373,9.00857773246063,British,15832.708
India,1998,,1852.81042254699,8.113143510932471,British,15032.117
India,1999,,2009.21569230667,8.63830002757078,British,17356.207
India,2000,,2095.64700617136,8.81014349623956,British,18462.951
India,2001,,2206.44816483846,8.079454444569571,British,17826.896
India,2002,,2287.63002432831,8.67627393097178,British,19848.105
India,2003,,2472.10373642451,9.10808432217665,British,22516.129
India,2004,,2695.89367354208,9.57081708050975,British,25801.904
India,2005,,2953.10925891283,10.0809315264093,British,29770.092
India,2006,,3237.29479935858,11.1293370539256,British,36028.945
India,2007,,3525.31445360065,12.1083469904396,British,42685.73
India,2008,,3650.94294321966,10.9771721522223,British,40077.027
India,2009,,3912.41821142619,9.80972540643427,British,38379.75
India,2010,,4236.74434794867,10.3880397905448,British,44011.469
India,2011,,4493.6694656757,10.1773871997608,British,45733.813
India,2012,,4861.15615236202,10.8367717209692,British,52679.238
Ireland,1990,,13709.9046847649,25.3599191864928,British,347682.06
Ireland,1991,,14364.222628973,25.6292263171114,British,368143.91
Ireland,1992,,15079.5213418352,25.9323859859113,British,391047.97
Ireland,1993,,15773.3976826346,25.8405331609262,British,407593
Ireland,1994,,16970.4701958335,27.0565038489058,British,459161.59
Ireland,1995,,18898.4594892657,26.5265891801017,British,501311.66
Ireland,1996,,20430.7580465294,27.2110370281305,British,555942.13
Ireland,1997,,22628.3789130441,26.8735851463462,British,608105.69
Ireland,1998,,25091.4964124992,26.4943284050314,British,664782.38
Ireland,1999,,27041.3474221597,26.6510599729647,British,720680.56
Ireland,2000,,30218.7826324208,26.3499404107767,British,796263.13
Ireland,2001,,32581.3613276543,24.2082381522214,British,788737.38
Ireland,2002,,35222.028724352,23.5168457829207,British,828311
Ireland,2003,,36245.7174606118,24.1607391790456,British,875723.31
Ireland,2004,,38701.2532742836,25.0697230795881,British,970229.69
Ireland,2005,,40466.2343515711,25.4571402375003,British,1030154.6
Ireland,2006,,44173.2184534255,26.818812774603,British,1184673.3
Ireland,2007,,46716.7120069338,25.937168346525,British,1211699.3
Ireland,2008,,44169.0943411644,23.810941221499,British,1051707.8
Ireland,2009,,41501.6092754097,22.0623763090019,British,915624.13
Ireland,2010,,43236.1514623189,21.8436827192522,British,944436.75
Ireland,2011,,45080.1886960425,21.860349392154,British,985468.69
Ireland,2012,,46361.463694173,22.4820628999951,British,1042301.3
Italy,1990,,18592.6259617148,24.1777296606365,Spanish,449527.47
Italy,1991,,19503.5889309405,24.8085232753372,Spanish,483855.25
Italy,1992,,20100.8018011806,25.4978052359135,Spanish,512526.34
Italy,1993,,20389.1102089136,26.2749378403874,Spanish,535722.63
Italy,1994,,21268.1046861876,25.0940032697273,Spanish,533701.88
Italy,1995,,22340.5588965298,24.3630312862259,Spanish,544283.75
Italy,1996,,23002.2844628152,24.2906235146973,Spanish,558739.81
Italy,1997,,23867.5285655418,25.7756322038586,Spanish,615200.63
Italy,1998,,25020.064282782,24.6443778103309,Spanish,616603.94
Italy,1999,,25602.3894720393,24.9930753491364,Spanish,639882.44
Italy,2000,,27084.1918203274,23.8097405190071,Spanish,644867.56
Italy,2001,,28045.8607832132,23.4057500716183,Spanish,656434.44
Italy,2002,,28736.5771073504,22.8913877183109,Spanish,657820.13
Italy,2003,,29166.8324471885,22.7635726624321,Spanish,663941.31
Italy,2004,,29530.2153083267,22.2158492727837,Spanish,656038.81
Italy,2005,,30130.6444569128,21.9593096119247,Spanish,661648.13
Italy,2006,,32410.1780280678,23.3278211677977,Spanish,756058.81
Italy,2007,,34099.7862968923,23.7633479184746,Spanish,810325.06
Italy,2008,,35523.2713104342,23.4899640312502,Spanish,834440.38
Italy,2009,,34628.3972092211,23.7429449463464,Spanish,822180.13
Italy,2010,,35185.29289013,23.680622988167,Spanish,833209.63
Italy,2011,,36598.0149693024,23.6475892912704,Spanish,865454.81
Italy,2012,,36486.2967870302,24.9468297858102,Spanish,910217.44
Jamaica,1990,,4762.89949527943,23.4864850280994,British,111863.77
Jamaica,1991,,5121.0885065529,23.0828644767169,British,118209.39
Jamaica,1992,,5293.09495655368,23.4680682029233,British,124218.71
Jamaica,1993,,5872.66784091816,21.3287135032817,British,125256.45
Jamaica,1994,,6021.77076345676,21.1031675539708,British,127078.44
Jamaica,1995,,6231.26649116811,21.7440400125625,British,135492.91
Jamaica,1996,,6276.39659630335,20.1091995719527,British,126213.31
Jamaica,1997,,6253.97090593028,19.9140942077378,British,124542.16
Jamaica,1998,,6117.62026963529,20.851857286619,British,127563.74
Jamaica,1999,,6214.26667219913,21.892234514133,British,136044.19
Jamaica,2000,,6355.8472555378,22.4946625353317,British,142972.64
Jamaica,2001,,6533.37375669328,21.4148130153716,British,139910.98
Jamaica,2002,,6723.67797400257,21.8590101924323,British,146972.95
Jamaica,2003,,7056.14797251069,24.071100071624,British,169849.25
Jamaica,2004,,7300.05846676836,24.1674973059177,British,176424.14
Jamaica,2005,,7553.20140626909,23.2159728449925,British,175354.92
Jamaica,2006,,7965.47713872543,24.0143899425756,British,191286.08
Jamaica,2007,,8255.173533302541,24.786546428363,British,204617.23
Jamaica,2008,,8306.50486208059,24.684756616975,British,205044.05
Jamaica,2009,,7966.13079910865,24.9559702047372,British,198802.52
Jamaica,2010,,7900.19947850272,24.2781717265526,British,191802.41
Jamaica,2011,,8159.87616499912,23.364368298024,British,190650.36
Jamaica,2012,,8187.19367364946,24.3328930313007,British,199218.11
Kazakhstan,1997,,6470.00269555572,6.78722058676219,Russian,43913.336
Kazakhstan,1998,,6530.41311634226,7.29479389602331,Russian,47638.02
Kazakhstan,1999,,6868.85943069398,7.74536993437448,Russian,53201.855
Kazakhstan,2000,,7733.78944277979,10.2213950712596,Russian,79050.117
Kazakhstan,2001,,8985.655500612191,9.642300653237671,Russian,86642.391
Kazakhstan,2002,,10021.8969616521,12.1343597833771,Russian,121609.3
Kazakhstan,2003,,11119.8870659711,13.0832376530724,Russian,145484.13
Kazakhstan,2004,,12428.8368274929,13.9086779667034,Russian,172868.69
Kazakhstan,2010,,19225.0769114856,15.7123804636498,Russian,302071.72
Kazakhstan,2011,,20779.4442514491,18.2578342100647,Russian,379387.66
Kazakhstan,2012,,22032.1745436853,13.3120981501594,Russian,293294.47
Latvia,1995,,5504.24133371149,19.3430706966001,Russian,106468.93
Latvia,1996,,5794.6604591945,18.6563390349611,Russian,108107.15
Latvia,1997,,6485.20869607095,22.2506590041957,Russian,144300.17
Latvia,1998,,7067.8948103742,23.6639402203995,Russian,167254.23
Latvia,1999,,7405.84797519522,22.668383189092,Russian,167878.59
Latvia,2000,,8043.00569944046,20.7150632819847,Russian,166611.38
Latvia,2001,,9048.46350942732,20.6606622727667,Russian,186947.25
Latvia,2002,,10081.1918636281,19.9626882288858,Russian,201247.69
Latvia,2003,,11049.5492635317,20.2045923195326,Russian,223251.64
Latvia,2004,,12268.4158420962,20.3305978777109,Russian,249424.23
Latvia,2005,,13913.7883003324,21.4393809655405,Russian,298303
Latvia,2006,,15838.0960307176,22.1230199176148,Russian,350386.5
Latvia,2007,,18214.4611078392,21.6093887447784,Russian,393603.38
Latvia,2008,,19573.1553855671,20.6825000315135,Russian,404821.78
Latvia,2009,,17036.2755821982,18.6710358584194,Russian,318084.91
Latvia,2010,,17720.4302800163,19.6578123304584,Russian,348344.91
Latvia,2011,,19248.419400173,20.5991087446138,Russian,396500.28
Latvia,2012,,21290.4595879,21.0757701735068,Russian,448712.84
Lithuania,1995,,5916.11420501002,19.8245468908768,Russian,117284.28
Lithuania,1996,,6369.8529676216,18.9089674146695,Russian,120447.34
Lithuania,1997,,7067.09388040362,21.646091447724,Russian,152974.95
Lithuania,1998,,7762.2258433188,22.1867095470891,Russian,172218.25
Lithuania,1999,,7820.71797164568,22.2138171507516,Russian,173728
Lithuania,2000,,8449.56543083844,20.3003732776969,Russian,171529.33
Lithuania,2001,,9440.154020119789,19.4046292117649,Russian,183182.69
Lithuania,2002,,10480.7210077901,19.2018397104698,Russian,201249.13
Lithuania,2003,,12055.2307165504,19.0638544297548,Russian,229819.16
Lithuania,2004,,13019.5747299918,19.3620092659203,Russian,252085.13
Lithuania,2005,,14510.5300945386,19.754629223377,Russian,286650.16
Lithuania,2006,,16461.7907353228,20.4842031803465,Russian,337206.66
Lithuania,2007,,19071.440238685,20.3693543521904,Russian,388472.94
Lithuania,2008,,20721.0131961211,20.4820339162195,Russian,424408.5
Lithuania,2009,,18130.0557062015,17.0401288023968,Russian,308938.5
Lithuania,2010,,20112.0978087158,15.9649734661685,Russian,321089.09
Lithuania,2011,,22884.8249519631,15.4823769505595,Russian,354311.5
Lithuania,2012,,24703.6858202502,15.5299601501495,Russian,383647.25
Luxembourg,1990,,28629.7940220589,22.8762783310351,Spanish,654943.13
Luxembourg,1991,,31728.5504923656,21.6080563317211,Spanish,685592.31
Luxembourg,1992,,32606.1205724107,22.1858223535426,Spanish,723393.63
Luxembourg,1993,,34316.9881207223,23.7543663412643,Spanish,815178.31
Luxembourg,1994,,35896.8294937801,25.0283129775525,Spanish,898437.06
Luxembourg,1995,,38252.8274524849,24.4731548880303,Spanish,936167.38
Luxembourg,1996,,39623.6653048493,24.6973434313844,Spanish,978599.25
Luxembourg,1997,,42470.8047828728,25.2441292715922,Spanish,1072138.5
Luxembourg,1998,,44265.6621720161,25.6011217902933,Spanish,1133250.6
Luxembourg,1999,,49844.6769627976,25.1002700586473,Spanish,1251114.9
Luxembourg,2000,,55141.2546903647,25.4725446898675,Spanish,1404588.1
Luxembourg,2001,,56149.4687507859,24.9846931868067,Spanish,1402877.3
Luxembourg,2002,,58575.6792717544,24.7814349904087,Spanish,1451589.4
Luxembourg,2003,,60134.5212013153,24.6298216052617,Spanish,1481102.5
Luxembourg,2004,,64638.9808698579,24.0424454777963,Spanish,1554079.1
Luxembourg,2005,,68787.85474942659,25.3354431721609,Spanish,1742770.8
Luxembourg,2006,,78773.0192805277,23.9299641009983,Spanish,1885035.5
Luxembourg,2007,,85006.6446125022,24.3745461009237,Spanish,2071998.4
Luxembourg,2008,,90970.7211980147,23.5505944966802,Spanish,2142414.5
Luxembourg,2009,,86939.7825552494,23.8343045099039,Spanish,2072149.3
Luxembourg,2010,,90430.7561785984,23.8117229050074,Spanish,2153312
Luxembourg,2011,,94475.03022650231,23.9820392204888,Spanish,2265704
Luxembourg,2012,,96636.426643956,24.4267546411124,Spanish,2360514.3
Malaysia,1996,,11620.331451612,19.3779263159554,British,225177.92
Malaysia,1997,,12373.3166394774,19.7533668092053,British,244414.66
Malaysia,1998,,11302.4638397748,16.7301574972727,British,189092
Malaysia,1999,,11875.8112949594,14.0937080235667,British,167374.22
Malaysia,2000,,12913.1749194477,13.6669089031737,British,176483.19
Malaysia,2001,,12976.6757909642,17.7948888050621,British,230918.5
Malaysia,2002,,13606.0510296712,17.4469550876406,British,237384.16
Malaysia,2003,,14369.8270420309,15.4956551225138,British,222669.89
Malaysia,2004,,15450.0485640401,15.1990937626569,British,234826.73
Malaysia,2005,,16454.2153771604,14.8263910607125,British,243956.63
Malaysia,2006,,17549.6029455376,14.5161969824928,British,254753.5
Malaysia,2007,,18784.4843116974,14.3037228371975,British,268688.06
Malaysia,2008,,19695.079208937,14.6629582567858,British,288788.13
Malaysia,2009,,19193.1918612103,14.9405015326636,British,286755.91
Malaysia,2010,,20508.7575347559,13.3321953103767,British,273426.75
Malaysia,2011,,21704.7442727685,14.794353171378,British,321107.66
Malaysia,2012,,22985.8016562374,15.613146742555,British,358880.69
Malta,1990,,9002.409076708431,42.4343268358167,British,382011.16
Malta,1991,,9626.16953493811,43.0508343726736,British,414414.63
Malta,1992,,10201.6004371189,44.1720400341012,British,450625.5
Malta,1993,,10802.9208471266,45.2629229121742,British,488971.78
Malta,1994,,11548.613100542,42.314009539659,British,488668.13
Malta,1995,,12451.4971969802,47.258076784006,British,588433.81
Malta,1996,,13047.4881710866,42.418543758756,British,553455.44
Malta,1997,,13815.3055253774,46.6252019539623,British,644141.44
Malta,1998,,14469.9954035034,42.7055588406496,British,617949.25
Malta,1999,,15110.483503687,47.6655616191082,British,720249.69
Malta,2000,,18363.4884177059,48.585271572461,British,892195.06
Malta,2001,,18518.5462389906,51.4240939123247,British,952299.44
Malta,2002,,19599.8460391727,53.7273247120699,British,1053047.3
Malta,2003,,20907.9631588098,54.0696698360108,British,1130486.6
Malta,2004,,21527.4713485994,55.0240057347951,British,1184527.8
Malta,2005,,22306.6808571257,58.81945232809,British,1312066.8
Malta,2006,,23289.8142057344,60.0276661628348,British,1398033.3
Malta,2007,,25028.7605053717,62.50279444785,British,1564367.5
Malta,2008,,26523.4709226976,25.8058758972557,British,684461.38
Malta,2009,,26669.1569670996,26.0145108231299,British,693785.06
Malta,2010,,28744.7001159168,25.3101189711511,British,727531.75
Malta,2011,,28973.1956258916,25.8081278253627,British,747743.94
Malta,2012,,30243.9876570776,25.6916732523498,British,777018.63
Mexico,1990,,8081.83577248088,11.8483646611837,Spanish,95756.539
Mexico,1991,,8559.90033422319,11.5944926057709,Spanish,99247.703
Mexico,1992,,8936.04811712674,11.6024353429574,Spanish,103679.92
Mexico,1993,,8555.640559998819,9.070611435219011,Spanish,77604.891
Mexico,1994,,9014.382314463541,8.49192167477219,Spanish,76549.43
Mexico,1995,,8482.612599780939,8.47962461733246,Spanish,71929.367
Mexico,1996,,9076.08763738117,8.74298165622915,Spanish,79352.07
Mexico,1997,,9712.090654806259,8.9877306757099,Spanish,87289.656
Mexico,1998,,10173.1662805571,8.155611882971019,Spanish,82968.398
Mexico,1999,,10448.8243676125,8.60813618545405,Spanish,89944.906
Mexico,2000,,11089.8134294426,9.572861437564329,Spanish,106161.25
Mexico,2008,,14924.8216140502,10.0237674138845,Spanish,149602.94
Mexico,2009,,14558.2449421911,9.679796262687811,Spanish,140920.84
Mexico,2010,,15260.6208214691,10.1109133125608,Spanish,154298.81
Mexico,2011,,16520.2592224915,10.0124026674765,Spanish,165407.48
Mexico,2012,,17162.9273706838,9.773015604939861,Spanish,167733.56
Moldova,1996,,3058.13304560972,12.0896762347,Russian,36971.84
Moldova,1997,,3175.81155531082,18.2831060982003,Russian,58063.699
Moldova,1998,,3002.66190609413,18.0802408389372,Russian,54288.852
Moldova,1999,,2948.04242583586,15.0573539668779,Russian,44389.719
Moldova,2000,,3083.73543020041,14.7257496118183,Russian,45410.316
Moldova,2001,,3351.09425092293,12.1712003093085,Russian,40786.84
Moldova,2002,,3678.12846682428,12.8813543692286,Russian,47379.277
Moldova,2003,,4004.96099950252,14.6728701256381,Russian,58764.273
Moldova,2004,,4428.07283180443,16.3573926073926,Russian,72431.727
Moldova,2005,,4920.41306115406,18.4853394242006,Russian,90955.508
Moldova,2006,,5327.428299442,19.5712115118202,Russian,104264.23
Moldova,2007,,5647.72573249059,20.5665356541269,Russian,116154.16
Moldova,2008,,6218.49981632334,20.4459489526716,Russian,127143.13
Moldova,2009,,5897.39182807244,17.6853133213094,Russian,104297.22
Moldova,2010,,6396.08927156131,15.160640793259,Russian,96968.813
Moldova,2011,,6913.60229203322,15.2403271612774,Russian,105365.56
Moldova,2012,,7363.1623193664,15.5953463259033,Russian,114831.07
Morocco,1990,,2549.07995252081,18.676721475858,Spanish,47608.457
Morocco,1991,,2774.43996911223,18.4154193783175,Spanish,51092.477
Morocco,1992,,2729.05808236974,20.6514295555341,Spanish,56358.949
Morocco,1993,,2725.60302221673,20.2477033406709,Spanish,55187.203
Morocco,1994,,3028.39254515345,18.8549351466086,Spanish,57100.145
Morocco,1995,,2879.88079107495,18.351209036907,Spanish,52849.293
Morocco,1997,,3208.42171591406,19.4054874639843,Spanish,62260.988
Morocco,1998,,3434.52751079975,19.1652470155573,Spanish,65823.57
Morocco,1999,,3477.87895148896,19.8732387628787,Spanish,69116.719
Morocco,2002,,4014.23916540692,19.0725660331981,Spanish,76561.844
Morocco,2003,,4281.40038891461,18.7897724841481,Spanish,80446.539
Morocco,2004,,4553.55713467899,18.9788516520112,Spanish,86421.289
Morocco,2005,,4793.26702800313,20.9729412608579,Spanish,100528.91
Morocco,2006,,5250.52167643913,21.451021443388,Spanish,112629.05
Morocco,2007,,5516.87427112371,23.9054028489523,Spanish,131883.11
Morocco,2008,,5886.67211198563,26.4926255843365,Spanish,155953.41
Morocco,2009,,6107.38027064461,23.4563039837761,Spanish,143256.56
Morocco,2010,,6332.12566680149,22.8192333812509,Spanish,144494.25
Morocco,2011,,6712.32317824853,23.2967561359164,Spanish,156375.36
Morocco,2012,,6702.41832426533,23.9036403718971,Spanish,160212.2
Myanmar,1990,,400.273998969675,6.80892838068957,British,2725.437
Myanmar,1991,,412.652237952342,6.18756712299974,British,2553.3135
Myanmar,1992,,435.679709963281,5.76024003827627,British,2509.6196
Myanmar,1993,,475.17477489864,5.58818097755117,British,2655.3625
Myanmar,1994,,512.331329002907,4.82562128583686,British,2472.3169
Myanmar,1995,,554.135180239329,4.20305055270839,British,2329.0581
Myanmar,1996,,594.557321801345,4.49012643292196,British,2669.6375
Myanmar,1997,,633.515997825696,5.1717796963519,British,3276.4053
Myanmar,1998,,668.884077359695,4.15149022546198,British,2776.8657
Myanmar,1999,,726.985650717433,3.17328825377043,British,2306.9351
Myanmar,2000,,825.901132734739,3.19317570277791,British,2637.2473
Myanmar,2001,,939.0871837952729,2.62551426933766,British,2465.5869
Myanmar,2002,,1054.92519029143,2.45405168972274,British,2588.8411
Myanmar,2003,,1202.79183488075,2.55689777360985,British,3075.4158
Myanmar,2004,,1392.31676831473,3.53789061690866,British,4925.8643
Myanmar,2005,,1617.62678007195,4.46458703594925,British,7222.0356
Myanmar,2012,,3547.13065293373,4.75368401284114,British,16861.938
Netherlands,1990,,19128.774141676,23.2862181112213,Spanish,445436.81
Netherlands,1991,,20098.9867221066,24.4911168646405,Spanish,492246.63
Netherlands,1992,,20750.2581973578,23.6365100860718,Spanish,490463.69
Netherlands,1993,,21359.6328121328,24.3160655768925,Spanish,519382.22
Netherlands,1994,,22326.7050872988,21.8467562525623,Spanish,487766.09
Netherlands,1995,,23389.326628483,20.8701641950921,Spanish,488139.09
Netherlands,1996,,24455.254938112,21.479579252811,Spanish,525288.56
Netherlands,1997,,26007.9799357772,20.9377692753749,Spanish,544549.06
Netherlands,1998,,27707.8404491351,20.7080992657782,Spanish,573776.69
Netherlands,1999,,29268.5360985179,21.2206675741848,Spanish,621097.88
Netherlands,2000,,31884.6894157317,20.9379500759944,Spanish,667600.06
Netherlands,2001,,33194.5230715568,21.2141586823303,Spanish,704193.88
Netherlands,2002,,34447.2053180645,21.1580865112734,Spanish,728836.94
Netherlands,2003,,34114.4175404508,20.3537372516137,Spanish,694355.88
Netherlands,2004,,35780.1066293166,20.170002607286,Spanish,721684.88
Netherlands,2005,,37625.5617084958,21.234817556541,Spanish,798971.94
Netherlands,2006,,40958.9189451551,21.6000109486679,Spanish,884713.13
Netherlands,2007,,43885.8313505338,21.595200025841,Spanish,947723.31
Netherlands,2008,,46420.2016795592,21.1439157722984,Spanish,981504.81
Netherlands,2009,,44589.7191507572,20.9443347278192,Spanish,933902
Netherlands,2010,,45078.3181447046,20.9861902698271,Spanish,946022.19
Netherlands,2011,,46599.02103045,20.2294425079072,Spanish,942672.19
Netherlands,2012,,47272.1030187972,19.4077486423489,Spanish,917445.06
Nicaragua,1990,,1974.13722951829,26.2658373469951,Spanish,51852.367
Nicaragua,1991,,1992.10143863645,18.2393673743543,Spanish,36334.672
Nicaragua,1992,,1999.93993759935,19.8495091477019,Spanish,39697.824
Nicaragua,1993,,1994.52409435579,18.9808828317596,Spanish,37857.828
Nicaragua,1994,,2060.54392979523,8.9936659409003,Spanish,18531.844
Nicaragua,1995,,2183.49798991955,9.40273440161028,Spanish,20530.852
Nicaragua,1996,,2319.96522107029,9.494441288423941,Spanish,22026.773
Nicaragua,1997,,2411.34072176215,10.589091758038,Spanish,25533.908
Nicaragua,1998,,2486.2525854385,11.0364830637541,Spanish,27439.484
Nicaragua,1999,,2656.11980132476,10.7189463745964,Spanish,28470.807
Nicaragua,2000,,2783.22891252777,10.6468701120311,Spanish,29632.676
Nicaragua,2001,,2885.20362106677,9.802508066499961,Spanish,28282.232
Nicaragua,2002,,2911.09479290476,10.3954991061828,Spanish,30262.283
Nicaragua,2003,,2998.08761692462,11.7208158960434,Spanish,35140.031
Nicaragua,2004,,3198.34719897089,12.1881791801183,Spanish,38982.027
Nicaragua,2005,,3392.56217832768,12.8998034816805,Spanish,43763.387
Nicaragua,2006,,3590.83108463621,13.6841750955082,Spanish,49137.563
Nicaragua,2007,,3821.59213644485,13.8620039284124,Spanish,52974.926
Nicaragua,2008,,3974.72954977733,13.2017059330992,Spanish,52473.211
Nicaragua,2009,,3820.50291722455,13.1376850661469,Spanish,50192.563
Nicaragua,2010,,3981.08092009041,13.6784134892971,Spanish,54454.871
Nicaragua,2011,,4263.15777678703,14.5197831928862,Spanish,61900.125
Nicaragua,2012,,4427.94692395537,15.0091332693533,Spanish,66459.648
Paraguay,2005,,7485.2992173735,8.264764504404321,Spanish,61864.234
Paraguay,2006,,7960.72539286794,8.35050418277665,Spanish,66476.07
Paraguay,2007,,8495.336999042829,7.83787789139878,Spanish,66585.414
Paraguay,2008,,9097.52048887733,8.09407229993163,Spanish,73635.992
Paraguay,2009,,9020.30802243108,8.327582816999239,Spanish,75117.359
Paraguay,2010,,10001.5304279296,8.871213476066821,Spanish,88725.711
Paraguay,2011,,10503.5958528238,9.36683510297004,Spanish,98385.453
Paraguay,2012,,10018.7236347841,9.457778351219581,Spanish,94754.867
Peru,1990,,3359.26402982335,10.7238952091481,Spanish,36024.395
Peru,1991,,3478.86028882839,11.0279442716709,Spanish,38364.676
Peru,1992,,3470.4256698301,11.9830523810582,Spanish,41586.293
Peru,1993,,3668.48360515181,12.1654220628628,Spanish,44628.652
Peru,1994,,4129.78966769938,12.9721441686363,Spanish,53572.227
Peru,1995,,4445.42627906544,13.6847575729859,Spanish,60834.582
Peru,1996,,4568.05314317106,14.1998141675147,Spanish,64865.504
Peru,1997,,4861.12190848049,14.3987605306478,Spanish,69994.133
Peru,1998,,4811.26041805526,14.2348049647571,Spanish,68487.352
Peru,1999,,4873.86444489795,12.9941892981826,Spanish,63331.918
Peru,2000,,5043.26718093489,12.6086474992247,Spanish,63588.777
Peru,2001,,5120.06880606732,12.8971056336871,Spanish,66034.07
Peru,2002,,5423.64423020835,12.4871426273152,Spanish,67725.82
Peru,2003,,5697.43212566785,13.411521163568,Spanish,76411.234
Peru,2004,,6084.89253463637,13.6633689429004,Spanish,83140.133
Peru,2005,,6610.89170564893,14.1047421923916,Spanish,93244.922
Peru,2006,,7262.25808387806,15.6699876015142,Spanish,113799.49
Peru,2007,,8026.61032508827,16.4074683503203,Spanish,131696.36
Peru,2008,,8857.863860699261,16.5121709202423,Spanish,146262.56
Peru,2009,,8951.012534840431,14.4565268083919,Spanish,129400.55
Peru,2010,,9730.421103934241,15.4665717570431,Spanish,150496.25
Peru,2011,,10476.7963282297,15.9688951452089,Spanish,167302.86
Peru,2012,,10767.6773277036,16.5466871027669,Spanish,178169.39
Russian Federation,1999,,5914.32606206006,11.2428726496447,Russian,66494.016
Russian Federation,2000,,6825.3915111818,13.7255344540838,Russian,93682.148
Russian Federation,2001,,7361.36367852645,15.778699595813,Russian,116152.75
Russian Federation,2002,,8037.47453541558,13.6349660680486,Russian,109590.7
Russian Federation,2003,,9254.537200764749,13.3140302040687,Russian,123215.19
Russian Federation,2004,,10226.7661539289,13.2340253896719,Russian,135341.28
Russian Federation,2005,,11822.3469289417,16.6229096830257,Russian,196521.81
Russian Federation,2006,,14912.2339332667,16.5682157585873,Russian,247069.11
Russian Federation,2007,,16648.2416399717,16.5513130625157,Russian,275550.25
Russian Federation,2008,,20163.6094155718,15.8180678239761,Russian,318949.34
Russian Federation,2009,,19389.9411762443,12.9563524123963,Russian,251222.91
Russian Federation,2010,,20490.1267193879,13.0483488461042,Russian,267362.31
Russian Federation,2011,,22798.6744273279,13.9542036796753,Russian,318137.34
Russian Federation,2012,,24303.4734145818,13.7546730412872,Russian,334286.34
Singapore,1990,,23820.1752021219,14.5462695925654,British,346494.69
Singapore,1991,,25535.7562272464,15.1815315980586,British,387671.88
Singapore,1992,,27027.5306618144,16.1033535012871,British,435233.88
Singapore,1993,,30069.316180919,16.2903339457186,British,489839.19
Singapore,1994,,33066.0857154059,16.6131522787889,British,549331.94
Singapore,1995,,35107.568463734,15.7685036472599,British,553593.81
Singapore,1996,,36891.1621022864,15.8973671573725,British,586472.38
Singapore,1997,,39332.0657574551,15.312341085021,British,602266
Singapore,1998,,37602.1779484559,14.0310256358429,British,527597.13
Singapore,1999,,40007.5067872125,14.5317174065401,British,581377.81
Singapore,2000,,43833.2209634865,14.8557890847443,British,651177.06
Singapore,2001,,43136.4302832781,14.5855191514965,British,629167.25
Singapore,2002,,45120.4076999013,12.6887393397993,British,572521.06
Singapore,2003,,48756.5625513753,12.4460741638593,British,606827.81
Singapore,2004,,54301.6977527417,11.6045115798244,British,630144.69
Singapore,2005,,58717.2171494993,11.5770274018324,British,679770.81
Singapore,2006,,63910.0846986138,11.8310221766032,British,756121.63
Singapore,2007,,68628.38258807801,12.8204281959211,British,879845.25
Singapore,2008,,67576.86283047681,13.7543914469361,British,929478.63
Singapore,2009,,66149.0046454714,12.9549265300847,British,856955.5
Singapore,2010,,75294.35655382001,12.7858239691039,British,962700.38
Singapore,2011,,80052.3914982651,13.1057219512653,British,1049144.4
Singapore,2012,,82064.9611910836,13.5806687357042,British,1114497
South Africa,1990,,7068.55103625077,23.1119406230036,British,163367.94
South Africa,1991,,7057.05935934133,22.9037677687037,British,161633.25
South Africa,1992,,6889.44533175094,20.621646343847,British,142071.7
South Africa,1993,,6966.60240186848,19.8688359609019,British,138418.28
South Africa,1994,,7174.6529721861,19.6043743222704,British,140654.58
South Africa,1995,,7393.29833894827,20.2955260214681,British,150050.88
South Africa,1996,,7702.70859087219,20.9846364817904,British,161638.55
South Africa,1997,,7904.61345695281,21.2498395625278,British,167971.77
South Africa,1998,,7905.76905389232,21.9639431431796,British,173641.86
South Africa,1999,,8090.83226566727,21.7599312426722,British,176055.95
South Africa,2000,,8498.518593668739,20.9760632464162,British,178265.47
South Africa,2001,,8801.28892918131,21.7005914264295,British,190993.17
South Africa,2002,,9154.891518853001,20.8248927712355,British,190649.64
South Africa,2003,,9483.132346464279,20.4927670870354,British,194335.63
South Africa,2004,,10058.7409853464,21.6985960707513,British,218260.56
South Africa,2005,,10785.0833126626,22.9721111805983,British,247756.14
South Africa,2006,,11586.7845935066,24.3780853808343,British,282463.63
South Africa,2007,,12374.9701452634,24.8072372824336,British,306988.81
South Africa,2008,,12845.726180337,24.322809870073,British,312444.16
South Africa,2009,,12568.453603784,21.8948815275307,British,275184.81
South Africa,2010,,12912.1250302392,22.5206038448836,British,290788.84
South Africa,2011,,13393.7668852316,22.8837163024036,British,306499.16
South Africa,2012,,13215.7086791394,23.3457659512245,British,308530.84
Spain,1990,,13652.550339765,15.7108074227673,Spanish,214492.59
Spain,1991,,14436.8003027352,15.7769725191823,Spanish,227769
Spain,1992,,14830.2063901308,16.0214623643879,Spanish,237601.59
Spain,1993,,14947.2729062427,14.8820060998097,Spanish,222445.41
Spain,1994,,15556.0337438273,15.1067692126611,Spanish,235001.41
Sri Lanka,1990,,2305.30010964183,19.0208338512791,British,43848.73
Sri Lanka,1991,,2463.04105408528,18.3047979696249,British,45085.469
Sri Lanka,1992,,2600.19653301826,17.9534568745988,British,46682.516
Sri Lanka,1993,,2815.65369271819,17.4699988990422,British,49189.469
Sri Lanka,1994,,3008.34906644483,17.1679756304785,British,51647.262
Sri Lanka,1995,,3213.99559362207,17.7520171555561,British,57054.906
Sri Lanka,1996,,3374.20577227887,16.950690509915,British,57195.117
Sri Lanka,1997,,3634.03928650868,16.0076920311995,British,58172.582
Sri Lanka,1998,,3828.186040917,14.4764269842611,British,55418.457
Sri Lanka,1999,,4029.0469069314,15.0120754491787,British,60484.355
Sri Lanka,2000,,4339.68286403749,14.5027655060765,British,62937.402
Sri Lanka,2001,,4335.36790211633,14.6255003915026,British,63406.926
Sri Lanka,2002,,4542.33736932593,14.0203617835683,British,63685.215
Sri Lanka,2003,,4860.33813415959,12.7106758527447,British,61778.184
Sri Lanka,2004,,5218.68123598677,13.4659689569891,British,70274.602
Sri Lanka,2005,,5670.95512893446,13.7325290221471,British,77876.555
Sri Lanka,2006,,6242.37155825562,14.5772591775899,British,90996.672
Sri Lanka,2007,,6795.34479692121,14.2216085895166,British,96640.734
Sri Lanka,2008,,7287.58522156073,13.2773344349014,British,96759.703
Sri Lanka,2009,,7550.29488741207,12.8003204769597,British,96646.195
Sri Lanka,2010,,8194.269253850451,11.3000305616986,British,92595.492
Sri Lanka,2011,,9007.734198696309,11.2563933378824,British,101394.6
Sri Lanka,2012,,10315.1802471606,10.4084147644471,British,107364.67
Tajikistan,1998,,928.285769062839,7.68906661464937,Russian,7137.6509
Tajikistan,1999,,961.80308841459,8.20944237918216,Russian,7895.8672
Tajikistan,2000,,1048.59397915516,7.70308389768848,Russian,8077.4072
Tajikistan,2001,,1155.2719806908,8.201926827365631,Russian,9475.4561
Tajikistan,2003,,1419.99898899884,9.70218843197379,Russian,13777.098
Tajikistan,2004,,1579.25260198499,9.821023786746229,Russian,15509.877
Ukraine,1999,,3755.2443564076,12.9917511231045,Russian,48787.199
Ukraine,2000,,4106.83539141344,13.6153819949128,Russian,55916.133
Ukraine,2001,,4631.60673003002,11.6624126908962,Russian,54015.711
Ukraine,2002,,4999.09094029347,12.6327971410023,Russian,63152.5
Ukraine,2003,,5621.90307732677,13.161625947039,Russian,73993.383
Ukraine,2004,,6521.61085909695,12.8140914560614,Russian,83568.516
Ukraine,2005,,6977.25891244237,16.5287705679768,Russian,115325.52
Ukraine,2006,,7775.60692952402,17.0921634355012,Russian,132901.94
Ukraine,2007,,8642.213884074499,15.8179537908098,Russian,136702.14
Ukraine,2008,,9062.24736166671,17.0917178616882,Russian,154889.38
Ukraine,2009,,7818.30385453886,15.7892363802239,Russian,123445.05
Ukraine,2010,,8245.37524122564,14.997505767077,Russian,123660.06
Ukraine,2011,,8909.65960754126,17.8400492744471,Russian,158948.77
Ukraine,2012,,9343.330739660831,17.6333154227001,Russian,164753.89
United Kingdom,1990,,16991.5820953702,24.1512945995683,British,410368.72
United Kingdom,1991,,17318.7911697656,24.847137041141,British,430322.38
United Kingdom,1992,,17736.4896401177,24.2803159914902,British,430647.56
United Kingdom,1993,,18564.2214959351,22.9810917661155,British,426626.06
United Kingdom,1994,,19639.8044462825,23.7970949924584,British,467370.28
United Kingdom,1995,,20578.4270730636,23.1939176867145,British,477294.34
United Kingdom,1996,,21920.9709249332,23.0346875682486,British,504942.72
United Kingdom,1997,,23041.5818234239,23.7001422445241,British,546088.75
United Kingdom,1998,,23682.5617647246,24.9782133548629,British,591548.06
United Kingdom,1999,,24463.4963288274,25.464936610459,British,622961.38
United Kingdom,2000,,26483.6950948076,26.0995903504779,British,691213.56
United Kingdom,2001,,27819.1830986249,25.6086786343182,British,712412.5
United Kingdom,2002,,29062.1238667812,24.9173342652831,British,724150.63
United Kingdom,2003,,30323.9953832717,24.4987579069343,British,742900.25
United Kingdom,2004,,32031.8247165967,25.1171950302201,British,804549.56
United Kingdom,2005,,32747.3540098412,25.4461810616323,British,833295.13
United Kingdom,2006,,34798.9757628187,25.6518830219906,British,892659.25
United Kingdom,2007,,35652.0177524748,25.8227856254871,British,920634.44
United Kingdom,2008,,36863.5847601847,26.3401077840716,British,970990.81
United Kingdom,2009,,35238.3750537269,24.019022297575,British,846391.31
United Kingdom,2010,,36604.5256231885,25.1978203629214,British,922354.25
United Kingdom,2011,,37379.2909657729,25.6931229481243,British,960390.69
United Kingdom,2012,,38514.0261691783,24.9393065346776,British,960513.13
Uruguay,1990,,6385.96155741081,16.2025863999242,Spanish,103469.09
Uruguay,1991,,6787.40009006716,16.7932403160897,Spanish,113982.44
Uruguay,1992,,7438.5350370288,17.2408574744059,Spanish,128246.72
Uruguay,1993,,7759.96535154179,19.389494107735,Spanish,150461.8
Uruguay,1994,,8440.574912040331,19.0344093835043,Spanish,160661.36
Uruguay,1995,,8431.903162836399,16.8787580283368,Spanish,142320.05
Uruguay,1996,,9000.72104198845,17.3511022349298,Spanish,156172.44
Uruguay,1997,,9875.518951973931,16.780792455572,Spanish,165719.03
Uruguay,1998,,10371.685652876,16.9828417745635,Spanish,176140.7
Uruguay,1999,,10264.5276055778,15.278285168979,Spanish,156824.38
Uruguay,2000,,10255.1008821721,14.6991370386579,Spanish,150741.14
Uruguay,2001,,10059.7877241318,15.3059815839749,Spanish,153974.92
Uruguay,2002,,9427.15285991748,15.7776762187295,Spanish,148738.56
Uruguay,2003,,9686.495101530651,17.2060058985691,Spanish,166665.89
Uruguay,2004,,10451.8934493213,17.8462046174237,Spanish,186526.63
Uruguay,2005,,11580.3856760681,17.8969219665738,Spanish,207253.27
Uruguay,2006,,12406.3658786305,18.9880555699046,Spanish,235572.77
Uruguay,2007,,13547.1312743656,18.4105090864616,Spanish,249409.58
Uruguay,2008,,14764.1876516712,18.2418412723851,Spanish,269325.97
Uruguay,2009,,15464.2622035389,18.7222209518185,Spanish,289525.34
Uruguay,2010,,16817.0790492985,18.886388740713,Spanish,317613.91
Uruguay,2011,,18002.8938254166,19.1018312982026,Spanish,343888.25
Uruguay,2012,,18192.3297038387,18.8218856083556,Spanish,342413.94
Uzbekistan,2011,,5844.80756223251,12.3662567573144,Russian,72278.391
Uzbekistan,2012,,6061.94715388358,13.1744077704128,Russian,79862.563
Zimbabwe,2009,,1532.82158569606,9.19689233898681,British,14097.195
Zimbabwe,2010,,1830.82733292151,17.434923710737,British,31920.334
Zimbabwe,2011,,2101.82405127514,17.9282541990398,British,37682.035
Zimbabwe,2012,,2375.92700580051,17.8354892203875,British,42375.82
